entity_num,alt_num,alt_type,alt_name,alt_remarks
9639,9150.0,aka,"HANIYA, Ismail",-0- 
9639,9151.0,aka,"HANIYYA, Ismaeel",-0- 
9640,9152.0,aka,"ABU TAIR, Mohammed Mahmud",-0- 
9640,9153.0,aka,"ABOU TAYR, Mohammad Mahmoud",-0- 
9641,9154.0,aka,"EL-SHANTI, Jameela Abdallah",-0- 
9641,9155.0,aka,"AL SHANTEE, Jamila Abed Allah",-0- 
9642,9156.0,aka,"ALA AL DIN, Mohamad Nouman",-0- 
9642,9157.0,aka,"AL NATSHEH, Mohammed",-0- 
9644,9158.0,aka,"RABBAI, Khalil Mussa",-0- 
9645,9159.0,aka,"AL QRENAWI, Houda Naim",-0- 
9647,9160.0,aka,"AL ZAHAR, Mahmoud Khaled",-0- 
9648,9161.0,aka,"HASAN DOUKHAN, Abdul Fattah",-0- 
9651,9162.0,aka,"QARAWI, Mohammed Fathi",-0- 
9652,9163.0,aka,"AL-ZBOUN, Anwar Muhammad",-0- 
9653,9164.0,aka,"NAWFAL, Imad Mahmoud",-0- 
9655,9165.0,aka,"MANSOUR, Muna Salem",-0- 
9656,9166.0,aka,"EL ABADSA, Yehia Abdul Aziz",-0- 
9659,32437.0,aka,"HAMMAD, Fathi Ahmad",-0- 
9659,32438.0,aka,"HAMAD, Fathy Ahmed",-0- 
9659,32439.0,aka,"HAMAD, Fathi",-0- 
9661,9167.0,aka,"ABU MUSAMEH, Sayed Salem",-0- 
9662,9168.0,aka,"ABOU RAAS, Merwan Muhammed",-0- 
9663,9169.0,aka,"HALAYQA, Sameera Abed Allah",-0- 
9668,9170.0,aka,"DWAIK, Aziz Salem Mustada",-0- 
9669,9171.0,aka,"SALHAB, Azzam Numan Rahman",-0- 
9669,9172.0,aka,"SALHAB TAMIMI, Azzam No'man Abdel Rahman",-0- 
9670,9173.0,aka,"RAMADAN, Nizar Abd-Al-Aziz",-0- 
9671,9174.0,aka,"RAJOUB, Naif Mahmod",-0- 
9672,9175.0,aka,"AL-QADI, Sameer Saleh",-0- 
9673,9176.0,aka,"ABU JHESHEH, Mohammad Mutlaq",-0- 
9673,9177.0,aka,"ABU JEHEISHA, Mohammed",-0- 
9674,9178.0,aka,"KAFEESHEH, Hatem Rabah",-0- 
9674,9179.0,aka,"QEFEISHA, Hatem",-0- 
9674,9180.0,aka,"ABU ANED, Hadj Hatem",-0- 
9675,9181.0,aka,"ZAAREER, Basim Ahmad",-0- 
9676,9182.0,aka,"AL-TAL, Mohammad Ismail",-0- 
9677,9183.0,aka,"ABU SAIR, Da'oud Kamal Da'oud",-0- 
9678,9184.0,aka,"KHUDAIR, Hamid Sulieman Jabir",-0- 
9679,9185.0,aka,"YASIN, Husni Mohammad Bourini",-0- 
9680,9186.0,aka,"AMLI, Riyad Ali Mustafa",-0- 
9681,9187.0,aka,"AHMAD, Ahmad Ali Ahmad",-0- 
9682,9188.0,aka,"DAR KHALIL, Hasan Youssef Daoud",-0- 
9682,9189.0,aka,"DAR KHALIL, Hassan Yousef Dawoud",-0- 
9683,9190.0,aka,"HAMDAN, Fadel Mohammad Saleh",-0- 
9684,9191.0,aka,"MUSLEH, Mahmoud Ibrahim Mahmoud",-0- 
9685,9192.0,aka,"MUBARAK, Ahmad Abdel Aziz Saleh",-0- 
9686,9193.0,aka,"THOUAIB, Khaled Ibrahim Tafish",-0- 
9686,9194.0,aka,"DWEIB, Khaled Tafesh",-0- 
9687,9195.0,aka,"AL-KHATIB, Mahmoud Daoud Mahmoud",-0- 
9688,9196.0,aka,"YEHIA, Khaled Said",-0- 
9689,9197.0,aka,"ABOU HASSAN, Khaled Suleiman Fayez",-0- 
9689,9198.0,aka,"ABU HASAN, Khalid Sulayman Fayiz",-0- 
9690,9199.0,aka,"ZEIDAN, Abdel Rahman Fahmi Rahman",-0- 
9691,9200.0,aka,"RADAD, Riyad Mahmoud Sa'eed",-0- 
9691,9201.0,aka,"AL-SEDAWI, Riyad Radad",-0- 
9692,9202.0,aka,"ATTOUN, Ahmad Mohammad Ahmad",-0- 
9692,9203.0,aka,"ATOON, Ahmed Muhamad Ahmed",-0- 
9693,9204.0,aka,"ABOU SALEM, Ibrahim Said Hasan",-0- 
9694,9205.0,aka,"TAWTAH, Mohammad Omran Saleh",-0- 
9694,9206.0,aka,"TAWTA, Muhamed Umran Salih",-0- 
9695,9207.0,aka,"ABDUL RAHMAN, Wael Muhammed",-0- 
9695,9208.0,aka,"ABED AL RAHMAAN, Wael Mohamad",-0- 
9696,9209.0,aka,"ABDEL JAWAD, Nasir Abdullah Odeh",-0- 
9697,9210.0,aka,"ABU QOUS, Khalid Hamad Hamid",-0- 
9698,9211.0,aka,"NAJJAR, Khamis Jawdat Khamis",-0- 
9699,9212.0,aka,"EL BARDAWIL, Salah Mohammad",-0- 
9700,9213.0,aka,"EL-ASTAL, Younis Mohe-eldeen Fayez",-0- 
9701,9214.0,aka,"AL-JAMAL, Abdel Al-Rahman Yusef",-0- 
9702,9215.0,aka,"SALAMEH, Salem Ahmad Abdel Hadi",-0- 
9703,9216.0,aka,"SEYAM, Said Mohammad",-0- 
9703,9217.0,aka,"SIYAM, Saeed Mohammad",-0- 
9704,9218.0,aka,"BAHAR, Ahmed Mohamed",-0- 
9705,9219.0,aka,"NASSER, Jamal Talab Mohammad Saleh",-0- 
9705,9220.0,aka,"SALEH, Jamal Talab",-0- 
9706,9221.0,aka,"ELHYYA, Khalil Esmaeel",-0- 
9707,9222.0,aka,"ELGHOUL, Mohammad Faraj Mahmood",-0- 
9708,9223.0,aka,"ELHABEL, Moshir Omar",-0- 
9708,9224.0,aka,"EL-MASRI, Moshir",-0- 
9709,9225.0,aka,"ADWAN, Atef Ibrahim",-0- 
9709,9226.0,aka,"IDWAN, Atef Ibrahim Mohammad",-0- 
9710,9227.0,aka,"AL-SHRAFI, Yousef Awad",-0- 
9711,9228.0,aka,"AL-ALASHQAR, Ismail Abdallatif",-0- 
9712,9229.0,aka,"SHEHAB, Mohamed Abed Hadi Rahman",-0- 
15268,22509.0,fka,KARAMAY URBAN CREDIT COOPERATIVES,-0- 
15268,22510.0,fka,KARAMAY CITY COMMERCIAL BANK CO LTD.,-0- 
17013,26072.0,fka,JSC VTB BANK,-0- 
17013,26073.0,fka,BANK VTB OPEN JOINT STOCK COMPANY,-0- 
17013,26075.0,fka,BANK VNESHNEY TORGOVLI OPEN JOINT STOCK COMPANY,-0- 
17013,26076.0,fka,BANK VNESHNEY TORGOVLI JOINT STOCK COMPANY,-0- 
17013,26077.0,fka,BANK VNESHNEI TORGOVLI RSFSR,-0- 
17013,26078.0,fka,BANK VNESHNEY TORGOVLI ROSSIYSKOY FEDERATSII CLOSED JOINT STOCK COMPANY,-0- 
17013,26079.0,fka,VNESHTORGBANK ROSSII CLOSED JOINT STOCK COMPANY,-0- 
17013,26081.0,fka,BANK VTB OAO,-0- 
17013,54895.0,aka,VTB BANK PAO,-0- 
17013,54896.0,fka,VTB BANK OAO,-0- 
17013,54900.0,aka,VTB BANK PJSC,-0- 
17013,54902.0,aka,BANK VTB PUBLICHNOE AKTSIONERNOE OBSHCHESTVO,-0- 
17013,54903.0,aka,VTB BANK,-0- 
17013,54907.0,fka,OAO BANK VTB,-0- 
17013,54908.0,fka,VTB BANK OPEN JOINT STOCK COMPANY,-0- 
17013,54909.0,fka,BANK VNESHEI TORGOVLI OAO,-0- 
17013,54912.0,fka,BANK VNESHNEI TORGOVLI ROSSISKOI FEDERATSII AS A PRIVATE JOINT STOCK COMPANY,-0- 
17013,54914.0,fka,OAO VNESHTORGBANK,-0- 
17013,54940.0,fka,BANK OF FOREIGN TRADE OF THE RUSSIAN FEDERATION,-0- 
17013,54941.0,fka,BANK FOR FOREIGN TRADE OF RSFSR,-0- 
17013,54942.0,fka,VNESHTORGBANK OF RSFSR,-0- 
17013,54943.0,fka,CJSC BANK FOR FOREIGN TRADE OF THE RUSSIAN FEDERATION,-0- 
17013,54944.0,fka,RUSSIAN VNESHTORGBANK,-0- 
17013,54945.0,fka,VNESHTORGBANK,-0- 
17013,54946.0,fka,OJSC CJSC BANK FOR FOREIGN TRADE,-0- 
17013,55124.0,aka,BANK VTB PAO,-0- 
17013,77196.0,aka,VTB BANK PJSC SHANGHAI BRANCH,-0- 
17014,26083.0,aka,RUSSIAN AGRICULTURAL BANK,-0- 
17014,26084.0,aka,RUSSIAN AGRICULTURAL BANK OPEN JOINT STOCK COMPANY,-0- 
17014,26085.0,aka,ROSSELKHOZBANK,-0- 
17014,26086.0,aka,RUSSIAN AGRICULTURAL BANK OJSC,-0- 
17015,55018.0,aka,GOSUDARSTVENNAYA KORPORATSIYA RAZVITIYA VEB.RF,-0- 
17015,55019.0,aka,STATE DEVELOPMENT CORPORATION VEB.RF,-0- 
17015,55020.0,aka,GK VEB.RF,-0- 
17015,55021.0,aka,VEB.RF,-0- 
17015,55023.0,fka,VNESHECONOMBANK,-0- 
17015,55024.0,fka,VNESHEKONOMBANK SSSR,-0- 
17015,55025.0,fka,VNESHEKONOMBANK GK,-0- 
17015,55026.0,fka,BANK FOR FOREIGN TRADE OF THE U.S.S.R.,-0- 
17016,26095.0,fka,GAZPROMBANK OPEN JOINT STOCK COMPANY,-0- 
17016,54916.0,aka,BANK GPB JSC,-0- 
17016,54917.0,aka,GAZPROMBANK AO,-0- 
17016,54918.0,fka,JOINT STOCK BANK OF THE GAS INDUSTRY GAZPROMBANK,-0- 
17017,26099.0,aka,JOINT STOCK COMMERCIAL BANK - BANK OF MOSCOW OPEN JOINT STOCK COMPANY,-0- 
17017,26100.0,fka,AKTSIONERNY KOMMERCHESKI BANK BANK MOSKVY OTKRYTOE AKTSIONERNOE OBSCHCHESTVO,-0- 
17017,59455.0,fka,BANK MOSKVY PAO,-0- 
17017,59456.0,fka,BANK OF MOSCOW,-0- 
17017,59457.0,aka,BM BANK PUBLIC JOINT STOCK COMPANY,-0- 
17017,59458.0,aka,PAO BM BANK,-0- 
17017,59459.0,aka,BM BANK AO,-0- 
17018,26102.0,aka,SBERBANK ROSSII,-0- 
17018,26103.0,fka,SBERBANK ROSSII OAO,-0- 
17018,26104.0,fka,OTKRYTOE AKTSIONERNOE OBSHCHESTVO SBERBANK ROSSII,-0- 
17018,54948.0,aka,SBERBANK OF RUSSIA,-0- 
17018,54949.0,aka,PJSC SBERBANK,-0- 
17018,54950.0,fka,OPEN JOINT STOCK COMPANY SBERBANK OF RUSSIA,-0- 
17018,54951.0,fka,OJSC SBERBANK OF RUSSIA,-0- 
17018,54952.0,fka,JOINT STOCK COMMERCIAL SAVINGS BANK OF THE RUSSIAN FEDERATION,-0- 
17018,54953.0,fka,JOINT STOCK COMMERCIAL SAVINGS BANK OF THE RUSSIAN SOVIET FEDERATIVE SOCIALIST REPUBLIC,-0- 
17018,54954.0,fka,SBERBANK OF RSFSR,-0- 
17022,26109.0,aka,OJSC ROSNEFT OIL COMPANY,-0- 
17022,26110.0,aka,ROSNEFT OIL COMPANY,-0- 
17022,26111.0,aka,OAO ROSNEFT OIL COMPANY,-0- 
17022,26112.0,aka,OIL COMPANY ROSNEFT,-0- 
17022,26113.0,aka,ROSNEFT,-0- 
17064,26208.0,aka,FINANSOVO-INVESTITSIONNAYA KOMPANIYA NOVAFININVEST OAO,-0- 
17064,26220.0,aka,NOVATEK,-0- 
17143,26284.0,aka,PUBLICHNOE AKTSIONERNOE OBSHCHESTVO GAZPROM NEFT,-0- 
17143,26285.0,aka,GAZPROM NEFT PJSC,-0- 
17143,26286.0,aka,GAZPROM NEFT PAO,-0- 
17145,26292.0,aka,OPEN JOINT STOCK COMPANY SURGUTNEFTEGAS,-0- 
17145,26293.0,aka,SURGUTNEFTEGAZ OAO,-0- 
17145,26295.0,aka,OTKRYTOE AKTSIONERNOE OBSHCHESTVO SURGUTNEFTEGAZ,-0- 
17145,26296.0,aka,SURGUTNEFTEGAS OJSC,-0- 
17145,26297.0,aka,SURGUTNEFTEGAS OAO,-0- 
17248,26538.0,aka,LUKOIL OIL COMPANY,-0- 
17248,26539.0,aka,LUKOIL,-0- 
17248,26540.0,aka,NK LUKOIL OAO,-0- 
17248,26541.0,aka,NEFTYANAYA KOMPANIYA LUKOIL OOO,-0- 
17250,26548.0,aka,GAZPROM PAO,-0- 
17250,26549.0,aka,PJSC GAZPROM,-0- 
17250,54934.0,aka,GAZPROM,-0- 
17254,26558.0,fka,AK TRANSNEFT OAO,-0- 
17254,26559.0,fka,AKTSIONERNAYA KOMPANIYA PO TRANSPORTU NEFTI TRANSNEFT PAO,-0- 
17254,26560.0,aka,OIL TRANSPORTING JOINT STOCK COMPANY TRANSNEFT,-0- 
17254,26561.0,aka,JSC TRANSNEFT,-0- 
17254,26562.0,aka,PJSC TRANSNEFT,-0- 
17254,26563.0,aka,PAO TRANSNEFT,-0- 
17254,55119.0,aka,PUBLICHNOE AKTSIONERNOE OBSHCHESTVO TRANSNEFT,-0- 
17260,59376.0,aka,"STATE CORPORATION FOR THE PROMOTION OF THE DEVELOPMENT, MANUFACTURE, AND EXPORT OF HIGH TECH PRODUCTS ROSTEC",-0- 
18267,28197.0,aka,ORENBURGNEFT,-0- 
18267,28198.0,aka,OAO JSC ORENBURGNEFT,-0- 
18268,28200.0,aka,"ROSEKSIMBANK, ZAO",-0- 
18268,28201.0,aka,RUSSIAN EXPORT-IMPORT BANK,-0- 
18268,28202.0,aka,GOSUDARSTVENNY SPETSIALIZIROVANNY ROSSISKI EKSPORTNO-IMPORTNY BANK (ZAKRYTOE AKTSIONERNOE OBSHCHESTVO),-0- 
18268,28203.0,aka,STATE SPECIALIZED RUSSIAN EXPORT-IMPORT BANK JOINT-STOCK COMPANY,-0- 
18268,54898.0,aka,EXIMBANK OF RUSSIA ZAO,-0- 
18268,54899.0,aka,EXIMBANK OF RUSSIA,-0- 
18268,54901.0,aka,AO ROSEKSIMBANK,-0- 
18269,28205.0,aka,SAMOTLORNEFTEGAZ JSC,-0- 
18269,28206.0,aka,SAMOTLORNEFTEGAZ,-0- 
18270,28208.0,aka,OJSC NORTH CAUCASUS DEVELOPMENT CORPORATION,-0- 
18270,28209.0,aka,OPEN JOINT-STOCK COMPANY NORTH CAUCASUS DEVELOPMENT CORPORATION,-0- 
18270,28212.0,aka,OTKRYTOE AKTSIONERNOE OBSHCHESTVO KORPORATSIYA RAZVITIYA SEVERNOGO KAVKAZA,-0- 
18270,28213.0,fka,"KRSK, OAO",-0- 
18271,28211.0,aka,VERKHNECHONSKNEFTEGAZ,-0- 
18271,28214.0,aka,OJSC VERKHNECHONSKNEFTEGAZ,-0- 
18272,28216.0,aka,EKSAR OAO,-0- 
18272,28217.0,aka,ROSSISKOE AGENTSTVO PO STRAKHOVANIYU EKSPORTNYKH KREDITOV I INVESTITSI OTKRYTOE AKTSIONERNOE OBSHCHESTVO,-0- 
18272,28218.0,aka,RUSSIAN AGENCY FOR EXPORT CREDIT AND INVESTMENT INSURANCE JSC,-0- 
18272,28219.0,aka,EXIAR OJSC,-0- 
18272,54910.0,aka,EXIAR,-0- 
18272,54911.0,aka,EXIAR JSC,-0- 
18273,28221.0,fka,JSC FAR EAST AND ARCTIC REGION DEVELOPMENT FUND,-0- 
18273,28224.0,fka,OJSC THE FAR EAST AND BAIKAL REGION DEVELOPMENT FUND,-0- 
18273,55112.0,aka,AO VEB.DV,-0- 
18273,55113.0,fka,FAR EAST AND BAIKAL REGION DEVELOPMENT FUND OJSC,-0- 
18274,28226.0,aka,VANKORNEFT,-0- 
18274,28227.0,aka,ZAO VANKORNEFT,-0- 
18275,28229.0,aka,"FTSPF, OAO",-0- 
18275,28230.0,aka,OAO FEDERALNY TSENTR PROEKTNOGO FINANSIROVANIYA,-0- 
18275,28232.0,fka,ZAKRYTOE AKTSIONERNOE OBSHCHESTVO FEDERALNY CENTR PROEKTNOGO FINANSIROVANIYA,-0- 
18276,28234.0,aka,YUGANSKNEFTEGAZ,-0- 
18276,28235.0,aka,RN-YUGANSKNEFTEGAZ OOO,-0- 
18277,28238.0,aka,"GLOBEX COMMERCIAL BANK, JOINT STOCK COMPANY",-0- 
18277,28239.0,aka,"GLOBEKSBANK, AO",-0- 
18277,28240.0,aka,AKTSIONERNOE OBSHCHESTVO KOMMERCHESKI BANK GLOBEKS,-0- 
18277,28241.0,fka,CJSC GLOBEXBANK,-0- 
18277,28242.0,fka,ZAKRYTOE AKTSIONERNOE OBSHCHESTVO KOMMERCHESKI BANK GLOBEKS,-0- 
18278,28244.0,aka,"KRASLESINVEST, ZAO",-0- 
18278,28245.0,aka,ZAKRYTOE AKTSIONERNOE OBSHCHESTVO KRASLESINVEST,-0- 
18278,28246.0,aka,THE CLOSED JOINT-STOCK COMPANY KRASLESINVEST,-0- 
18278,28247.0,aka,CJSC KRASLESINVEST,-0- 
18279,28250.0,aka,LIMITED LIABILITY COMPANY RDIF MANAGEMENT COMPANY,-0- 
18279,28253.0,aka,RDIF MANAGEMENT COMPANY LLC,-0- 
18279,28254.0,aka,"UK RFPI, OOO",-0- 
18279,28255.0,aka,OBSHCHESTVO S OGRANICHENNOI OTVETSTVENNOSTYU UPRAVLYAYUSHCHAYA KOMPANIYA RFPI,-0- 
18279,28331.0,aka,MANAGEMENT COMPANY RDIF LLC,-0- 
18279,28332.0,aka,RDIF MANAGEMENT COMPANY,-0- 
18280,28252.0,aka,ANGARSK REFINERY,-0- 
18281,28257.0,fka,LLC RESAD,-0- 
18281,28259.0,fka,RESAD LLC,-0- 
18281,55116.0,aka,INFRASTRUKTURA MOLZHANINOVO,-0- 
18282,28261.0,aka,NOVOKUIBYSHEVSK REFINERY,-0- 
18283,28264.0,aka,JSC RUSSIAN BANK FOR SMALL AND MEDIUM ENTERPRISES SUPPORT,-0- 
18283,28265.0,aka,JSC SME BANK,-0- 
18283,28266.0,aka,AKTSIONERNOE OBSHCHESTVO ROSSISKI BANK PODDERZHKI MALOGO I SREDNEGO PREDPRINIMATELSTVA,-0- 
18283,28267.0,aka,MSP BANK AO,-0- 
18283,28268.0,fka,OTKRYTOE AKTSIONERNOE OBSHCHESTVO ROSSISKI BANK RAZVITIYA,-0- 
18284,28270.0,aka,RN-KOMSOMOLSKI NPZ OOO,-0- 
18284,28271.0,aka,KOMSOMOLSK REFINERY,-0- 
18284,28272.0,aka,LLC RN-KOMSOMOLSK REFINERY,-0- 
18285,28274.0,aka,SVIAZ-BANK AKB PAO,-0- 
18285,28275.0,aka,MEZHREGIONALNY KOMMERCHESKI BANK RAZVITIYA SVYAZI I INFORMATIKI (PUBLICHNOE AKTSIONERNOE OBSHCHESTVO),-0- 
18285,28276.0,aka,INTERREGIONAL BANK FOR SETTLEMENTS OF THE TELECOMMUNICATIONS AND POSTAL SERVICES,-0- 
18286,28279.0,aka,OOO VEB KAPITAL,-0- 
18286,28280.0,aka,OBSHCHESTVO S OGRANICHENNOI OTVETSTVENNOSTYU INVESTITSIONNA YA KOMPANIYA VNESHEKONOMBANKA,-0- 
18286,28283.0,aka,LLC VEB CAPITAL,-0- 
18287,28285.0,aka,OOO VEB INZHINIRING,-0- 
18287,28286.0,aka,OBSHCHESTVO S OGRANICHENNOI OTVETSTVENNOSTYU VEB INZHINIRING,-0- 
18287,55043.0,aka,VEB ENGINEERING LIMITED LIABILITY COMPANY,-0- 
18287,55044.0,aka,OOO VEB ENGINEERING,-0- 
18288,28288.0,aka,OAO VEB LIZING,-0- 
18288,28289.0,aka,OTKRYTOE AKTSIONERNOE OBSHCHESTVO VEB LIZING,-0- 
18288,28290.0,aka,OPEN JOINT STOCK COMPANY VEB LEASING,-0- 
18288,28291.0,aka,OJSC VEB LEASING,-0- 
18289,28293.0,fka,RGI INTERNATIONAL LIMITED,-0- 
18289,28296.0,fka,RGI INTERNATIONAL,-0- 
18290,28297.0,aka,SYZRAN REFINERY,-0- 
18290,28298.0,aka,OPEN JOINT-STOCK OIL AND GAS COMPANY SYZRAN,-0- 
18291,28300.0,aka,BELVNESHECONOMBANK OPEN JOINT STOCK COMPANY,-0- 
18291,28301.0,aka,BELVESHECONOMBANK OAO,-0- 
18291,55032.0,aka,BANK BELVEB OPEN JOINT STOCK COMPANY,-0- 
18292,28303.0,aka,ACHINSK REFINERY,-0- 
18292,28304.0,aka,OAO ACHINSK OIL REFINERY VNK,-0- 
18293,28306.0,aka,PSC PROMINVESTBANK,-0- 
18293,28307.0,aka,PUBLIC STOCK COMPANY JOINT STOCK COMMERCIAL INDUSTRIAL AND INVESTMENT BANK,-0- 
18293,28308.0,aka,COMMERCIAL INDUSTRIAL AND INVESTMENT BANK PUBLIC JOINT STOCK COMPANY,-0- 
18293,28309.0,aka,JOINT STOCK COMMERCIAL INDUSTRIAL AND INVESTMENT BANK PUBLIC JOINT STOCK COMPANY,-0- 
18294,28311.0,aka,KUIBYSHEV REFINERY,-0- 
18294,28313.0,aka,OJSC KUIBYSHEV REFINERY,-0- 
18296,28315.0,aka,RN HOLDING OAO,-0- 
18297,28317.0,aka,RN-AKTIV OOO,-0- 
18297,28318.0,aka,OOO NEFT-AKTIV,-0- 
18298,28320.0,aka,RUSSIAN REGIONAL DEVELOPMENT BANK,-0- 
18300,28323.0,fka,TNK TRADE LIMITED,-0- 
18669,29247.0,aka,SBERBANK CAPITAL LLC,-0- 
18669,29248.0,aka,SBERBANK KAPITAL OOO,-0- 
18669,29249.0,aka,OBSHCHESTVO S OGRANICHENNOI OTVETSTVENNOSTYU SBERBANK KAPITAL,-0- 
18669,29474.0,aka,SBERBANK CAPITAL LIMITED LIABILITY COMPANY,-0- 
18708,29285.0,aka,SBERBANK INVESTMENTS LLC,-0- 
18708,29286.0,aka,SBERBANK INVESTMENTS OOO,-0- 
18709,29288.0,aka,CJSC SBERBANK LEASING,-0- 
18709,29289.0,aka,SBERBANK LEASING ZAO,-0- 
18709,29290.0,aka,SBERBANK LIZING ZAKRYTOE AKTSIONERNOE OBSHCHESTVO,-0- 
18709,29291.0,aka,SBERBANK LEASING JSC,-0- 
18709,29292.0,fka,RUSSKO-GERMANSKAYA LIZINGOVAYA KOMPANIYA ZAO,-0- 
18710,29294.0,aka,CETELEM BANK LLC,-0- 
18710,29295.0,aka,SETELEM BANK OOO,-0- 
18710,29296.0,aka,SETELEM BANK OBSHCHESTVO S OGRANICHENNOI OTVETSTVENNOSTYU,-0- 
18710,29297.0,fka,KOMMERCHESKI BANK UKRSIBBANK OBSHCHESTVO S OGRANICHENNOI OTVETSTVENNOSTYU,-0- 
18710,55059.0,aka,CETELEM BANK LIMITED LIABILITY COMPANY,-0- 
18711,29299.0,aka,LLC PS YANDEX.MONEY,-0- 
18711,29300.0,aka,PS YANDEKS.DENGI OOO,-0- 
18714,29307.0,aka,BPS SBERBANK OJSC,-0- 
18714,29308.0,aka,BPS-SBERBANK OAO,-0- 
18714,55013.0,aka,SBER BANK,-0- 
18715,29310.0,aka,SUBSIDIARY BANK SBERBANK OF RUSSIA PUBLIC JOINT STOCK COMPANY,-0- 
18715,29311.0,aka,SBERBANK OF RUSSIA SUBSIDIARY BANK PUBLIC JOINT STOCK COMPANY,-0- 
18715,29312.0,aka,PUBLICHNE AKTSIONERNE TOVARYSTVO DOCHIRNII BANK SBERBANKU ROSII,-0- 
18715,29313.0,aka,JSC SBERBANK OF RUSSIA,-0- 
18715,29314.0,fka,SBERBANK OF RUSSIA SUBSIDIARY BANK PRIVATE JOINT STOCK COMPANY,-0- 
18715,55008.0,aka,JSC SBERBANK,-0- 
18715,55010.0,aka,AKTSIONERNE TOVARYSTVO SBERBANK,-0- 
18719,29321.0,aka,BANK VTB 24 PUBLICHNOE AKTSIONERNOE OBSHCHESTVO,-0- 
18719,29322.0,aka,VTB 24 PAO,-0- 
18719,29323.0,aka,BANK VTB 24 CLOSED JOINT STOCK COMPANY,-0- 
18719,29324.0,aka,VTB 24 JSC,-0- 
18719,29325.0,fka,BANK VTB 24 (ZAKRYTOE AKTSIONERNOE OBSHCHESTVO),-0- 
18720,29327.0,aka,"VTB BANK, PUBLIC JOINT STOCK COMPANY",-0- 
18720,29328.0,aka,PUBLICHNE AKTSIONERNE TOVARYSTVO VTB BANK,-0- 
18720,29329.0,aka,"VTB BANK, PJSC",-0- 
18720,29330.0,aka,"VTB BANK, PJSC (UKRAINE)",-0- 
18720,29331.0,aka,PUBLIC-JOINT STOCK COMPANY VTB BANK (UKRAINE),-0- 
18721,29333.0,aka,VTB BANK BELARUS CLOSED JOINT STOCK COMPANY,-0- 
18721,29334.0,aka,VTB BANK BELARUS,-0- 
18721,29335.0,aka,CJSC VTB BANK BELARUS,-0- 
18721,29336.0,fka,CJSC SLAVNEFTEBANK,-0- 
18721,54976.0,aka,VTB BANK BELARUS CJSC,-0- 
18722,29339.0,fka,SAVINGS BANK OF THE REPUBLIC OF ARMENIA,-0- 
18722,54971.0,aka,VTB BANK ARMENIA CJSC,-0- 
18723,54967.0,aka,BANK VTB KAZAKHSTAN JSC,-0- 
18723,54968.0,aka,SUBSIDIARY JSC BANK VTB KAZAKHSTAN,-0- 
18723,54969.0,aka,JOINT STOCK COMPANY VTB BANK KAZAKHSTAN,-0- 
18724,29344.0,aka,BANK VTB AZERBAIJAN OJSC,-0- 
18724,29345.0,aka,JSC VTB BANK AZERBAIJAN,-0- 
18724,29346.0,fka,OJSC AF BANK,-0- 
18725,29348.0,aka,VTB AFRICA,-0- 
18726,29353.0,aka,JSC VTB BANK GEORGIA,-0- 
18726,54974.0,aka,VTB BANK GEORGIA JSC,-0- 
18728,29358.0,aka,VTB BANKA AD BEOGRAD,-0- 
18728,30278.0,fka,MOSKOVSKA BANKA AD,-0- 
18729,29361.0,aka,KHOLDING VTB KAPITAL ZAKRYTOE AKTSIONERNOE OBSHCHESTVO,-0- 
18729,29362.0,aka,HOLDING VTB CAPITAL CJSC,-0- 
18729,29363.0,aka,VTB CAPITAL HOLDING ZAO,-0- 
18729,54972.0,aka,VTB CAPITAL HOLDING CJSC,-0- 
18729,54973.0,aka,VTB CAPITAL JSC,-0- 
18729,77194.0,aka,VTB CAPITAL HONG KONG LIMITED,-0- 
18730,29365.0,aka,VTB PENSION ADMINISTRATOR LTD,-0- 
18730,29366.0,aka,OBSHCHESTVO S OGRANICHENNOI OTVETSTVENNOSTYU VTB PENSIONNY ADMINISTRATOR,-0- 
18730,29367.0,aka,VTB PENSIONNY ADMINISTRATOR OOO,-0- 
18731,54980.0,aka,LLC VTB DC,-0- 
18731,54981.0,aka,VTB DC LIMITED,-0- 
18731,54982.0,aka,VTB DC LTD,-0- 
18732,29371.0,aka,VTB STRAKHOVANIE STRAKHOVAYA KOMPANIYA OOO,-0- 
18732,29372.0,aka,VTB STRAKHOVANIE SK OOO,-0- 
18732,29373.0,aka,"INSURANCE COMPANY VTB-INSURANCE, LTD",-0- 
18732,29374.0,aka,INSURANCE COMPANY VTB-INSURANCE LIMITED,-0- 
18732,29375.0,fka,OBSHCHESTVO S OGRANICHENNOI OTVETSTVENNOSTYU STRAKHOVOI KAPITAL,-0- 
18733,29377.0,aka,OBSHCHESTVO S OGRANICHENNOI OTVETSTVENNOSTYU VTB FAKTORING,-0- 
18733,29378.0,aka,VTB FAKTORING OOO,-0- 
18733,29380.0,aka,VTB FACTORING LIMITED,-0- 
18734,29382.0,aka,NONPROFIT ORGANIZATION NON-STATE PENSION FUND VTB PENSION FUND,-0- 
18734,29383.0,aka,"NPF VTB PENSIONNY FOND, AO",-0- 
18734,29384.0,aka,AKTSIONERNOE OBSHCHESTVO NEGOSUDARSTVENNY PENSIONNY FOND VTB PENSIONNY FOND,-0- 
18734,29385.0,aka,"NON-STATE PENSION FUND VTB PENSION FUND, JSC",-0- 
18734,29386.0,fka,NEKOMMERCHESKAYA ORGANIZATSIYA NEGOSUDARSTVENNY PENSIONNY FOND VTB PENSIONNY FOND,-0- 
18734,54970.0,aka,NPF VTB PENSION FUND JSC,-0- 
18735,29389.0,aka,"VTB NEDVIZHIMOST, OOO",-0- 
18735,29390.0,aka,"VTB REAL ESTATE, LLC",-0- 
18736,29392.0,aka,CJS VTB SPECIALIZED DEPOSITORY,-0- 
18736,54975.0,aka,VTB SPECIALIZED DEPOSITORY CJSC,-0- 
18737,29396.0,aka,VTB REGISTRAR,-0- 
18737,54996.0,aka,VTB REGISTRAR CJSC,-0- 
18737,54997.0,aka,JOINT STOCK COMPANY VTB REGISTRAR,-0- 
18737,54998.0,aka,JSC VTB REGISTRAR,-0- 
18738,29398.0,aka,OBSHCHESTVO S OGRANICHENNOI OTVETSTVENNOSTYU MULTIKARTA,-0- 
18738,29399.0,aka,"MULTICARTA, LTD",-0- 
18738,29401.0,aka,"MULTIKARTA, OOO",-0- 
18739,29405.0,aka,JSC VTB LEASING,-0- 
18739,29406.0,aka,AO VTB LIZING,-0- 
18739,62667.0,aka,VTB LEASING JSC,-0- 
18740,29408.0,fka,PUBLIC JOINT STOCK COMPANY HALS-DEVELOPMENT,-0- 
18740,29409.0,fka,PUBLIC JOINT STOCK COMPANY SG-DEVELOPMENT,-0- 
18740,29410.0,fka,GALS-DEVELOPMENT PAO,-0- 
18740,29412.0,fka,HAS-DEVELOPMENT JSC,-0- 
18740,62548.0,fka,JOINT STOCK COMPANY HALS-DEVELOPMENT,-0- 
18740,62666.0,aka,"SG-DEVELOPMENT, AO",-0- 
18741,29415.0,aka,LLC AUKCION,-0- 
18741,29416.0,aka,AUKTSION OOO,-0- 
18741,29417.0,aka,OBSHCHESTVO S OGRANICHENNOI OTVETSTVENNOSTYU AUKTSION,-0- 
18741,29418.0,aka,AUKCION LIMITED LIABILITY COMPANY,-0- 
18742,29420.0,aka,CJSC RUST,-0- 
18742,29421.0,aka,RUST ZAO,-0- 
18742,29422.0,aka,RUST ZAKRYTOE AKTSIONERNOE OBSHCHESTVO,-0- 
18742,29423.0,aka,JSC RUSTE,-0- 
18743,29425.0,aka,SBERBANK-AUTOMATED TRADING SYSTEM CLOSED JOINT STOCK COMPANY,-0- 
18743,29426.0,aka,SBERBANK-AST ZAO,-0- 
18743,29427.0,aka,ZAKRYTOE AKTSIONERNOE OBSHCHESTVO SBERBANK AVTOMATIZIROVANNAYA SISTEMA TORGOV,-0- 
18743,29428.0,aka,JOINT STOCK COMPANY SBERBANK-AUTOMATED SYSTEM FOR TRADING,-0- 
18743,55031.0,aka,SBERBANK-AST JSC,-0- 
18743,55033.0,aka,JSC SBERBANK-AUTOMATED SYSTEM FOR TRADING,-0- 
18744,29430.0,aka,LLC SBERBANK FINANCIAL COMPANY,-0- 
18744,29431.0,aka,SBERBANK-FINANS OOO,-0- 
18744,29432.0,aka,OBSHCHESTVO S OGRANICHENNOI OTVETSTVENNOSTYU FINANSOVAYA KOMPANIYA SBERBANKA,-0- 
18744,55036.0,aka,SBERBANK FINANCE LLC,-0- 
18744,55037.0,aka,SBERBANK-FINANCE,-0- 
18744,55038.0,aka,SBERBANK FINANCE COMPANY LIMITED LIABILITY COMPANY,-0- 
18745,29435.0,aka,MODERN TECHNOLOGIES LIMITED LIABILITY COMPANY,-0- 
18745,29436.0,aka,"SOVREMENNYE TEKHNOLOGII, OOO",-0- 
18745,29437.0,aka,OBSHCHESTVO S OGRANICHENNOI OTVETSTVENNOSTYU SOVREMENNYE TEKHNOLOGII,-0- 
18746,29439.0,aka,CJSC SBERBANK-TECHNOLOGY,-0- 
18746,29440.0,aka,"SBERTEKH, ZAO",-0- 
18746,29441.0,aka,ZAKRYTOE AKTSIONERNOE OBSHCHESTVO SBERBANK -TEKHNOLOGII,-0- 
18746,29442.0,aka,CLOSED JOINT STOCK COMPANY SBERBANK - TECHNOLOGY,-0- 
18747,29444.0,aka,LLC BYLINNYE BOGATYRI,-0- 
18747,29445.0,aka,"BYLINNYE BOGATYRI, OOO",-0- 
18748,29447.0,aka,LLC ACTIVEBUSINESSCOLLECTION,-0- 
18748,29448.0,aka,"AKTIVBIZNESKOLLEKSHN, OOO",-0- 
18748,29449.0,aka,OBSHCHESTVO S OGRANICHENNOI OTVETSTVENNOSTYU AKTIVBIZNESKOLLEKSHN,-0- 
18748,29450.0,aka,LIMITED LIABILITY COMPANY ACTIVEBUSINESSCOLLECTION,-0- 
18749,29452.0,aka,CJSC NON-STATE PENSION FUND OF SBERBANK,-0- 
18749,29453.0,aka,NPF SBERBANKA ZAO,-0- 
18749,29454.0,aka,ZAKRYTOE AKTSIONERNOE OBSHCHESTVO NEGOSUDARSTVENNY PENSIONNY FOND SBERBANKA,-0- 
18749,29455.0,aka,SBERBANK PRIVATE PENSION FUND CLOSED JOINT STOCK COMPANY,-0- 
18749,29456.0,fka,NEGOSUDARSTVENNY PENSIONNY FOND SBERBANKA,-0- 
18749,55120.0,aka,SBERBANK PPF JSC,-0- 
18750,29458.0,aka,LLC INSURANCE COMPANY SBERBANK INSURANCE,-0- 
18750,29459.0,aka,SBERBANK STRAHOVANIE OOO SK,-0- 
18750,29460.0,aka,OBSHCHESTVO S OGRANICHENNOI OTVETSTVENNOSTYU STRAKHOVAYA KOMPANIYA SBERBANK STRAKHOVANIE,-0- 
18750,29461.0,aka,SK SBERBANK STRAHOVANIE LLC,-0- 
18750,29462.0,fka,OBSHCHESTVO S OGRANICHENNOI OTVETSTVENNOSTYU STRAKHOVAYA KOMPANIYA SBERBANK OBSHCHEE STRAKHOVANIE,-0- 
18750,55056.0,aka,SBERBANK INSURANCE IC LLC,-0- 
18750,55057.0,aka,STRAKHOVAYA KOMPANIYA SBERBANK STRAKHOVANIE,-0- 
18750,55058.0,aka,SBERBANK INSURANCE COMPANY LTD,-0- 
18751,29464.0,aka,LLC INSURANCE BROKER OF SBERBANK,-0- 
18751,29465.0,aka,SBERBANK INSURANCE BROKER LLC,-0- 
18751,29466.0,aka,OBSHCHESTVO S OGRANICHENNOI OTVETSTVENNOSTYU STRAKHOVOI BROKER SBERBANKA,-0- 
18751,29467.0,aka,OOO STRAKHOVOI BROKER SBERBANKA,-0- 
18752,29469.0,aka,LLL KORUS CONSULTING CIS,-0- 
18752,29470.0,aka,"KORUS KONSALTING SNG, OOO",-0- 
18752,29471.0,aka,OBSHCHESTVO S OGRANICHENNOI OTVETSTVENNOSTYU KORUS KONSALTING SNG,-0- 
18768,29485.0,aka,RT GLOBAL RESOURCES,-0- 
18768,29486.0,aka,RT - GLOBAL RESOURCES LIMITED LIABILITY COMPANY,-0- 
18769,56466.0,aka,AKTSIONERNOE OBSHCHESTVO NPO VYSOKOTOCHNYE KOMPLEKSY,-0- 
18769,56467.0,aka,HIGH PRECISION WEAPONS JOINT STOCK COMPANY SCIENTIFIC PRODUCTION ASSOCIATION,-0- 
18769,56468.0,aka,"NPO VYSOKOTOCHNYE KOMPLEKSY, AO",-0- 
18769,56469.0,aka,JSC NPO VYSOKOTOCHNYE KOMPLEKSY,-0- 
18770,29503.0,aka,JSC RUSELECTRONICS,-0- 
18770,59392.0,aka,AO ROSELEKTRONIKA,-0- 
18770,59393.0,aka,JSC RUSSIAN ELECTRONICS,-0- 
18771,29509.0,aka,JOINT STOCK COMPANY FOREIGN ECONOMIC ASSOCIATION TECHNOPROMEXPORT,-0- 
18771,29510.0,aka,TECHNOPROMEXPORT FOREIGN ECONOMIC ASSOCIATION OPEN JOINT STOCK COMPANY,-0- 
18771,29511.0,aka,"VO TEKHNOPROMEKSPORT, OAO",-0- 
18771,29512.0,aka,TECHNOPROMEXPORT OJSC,-0- 
18771,29513.0,aka,OJSC TECHNOPROMEXPORT,-0- 
18772,29517.0,aka,OJSC MACHINE ENGINEERING TECHNOLOGIES,-0- 
18772,29521.0,aka,SCIENTIFIC INDUSTRIAL CONCERN MANUFACTURING ENGINEERING OJSC,-0- 
18772,29522.0,aka,JOINT STOCK COMPANY SCIENTIFIC INDUSTRIAL CONCERN MANUFACTURING ENGINEERING,-0- 
18772,29523.0,aka,JSC SPC TECHMASH,-0- 
18772,29526.0,aka,AKTSIONERNOE OBSHCHESTVO NAUCHNO-PROIZVODSTVENNY KONTSERN TEKHNOLOGII MASHINOSTROENIYA,-0- 
18773,29528.0,aka,JOINT STOCK COMPANY CONCERN OF AVIATION EQUIPMENT,-0- 
18773,29529.0,aka,"KONTSERN AVIATSIONNOE OBORUDOVANIE, OAO",-0- 
18773,29530.0,aka,AVIATION EQUIPMENT CONCERN OPEN JOINT STOCK COMPANY,-0- 
18773,29531.0,aka,AVIATION EQUIPMENT HOLDING,-0- 
18774,59279.0,aka,JSC TEKHNODINAMIKA,-0- 
18774,59280.0,aka,AKTSIONERNOE OBSCHESTVO TEKHNODINAMIKA,-0- 
18774,59281.0,aka,AO TEKHNODINAMIKA,-0- 
18774,59282.0,aka,TEKNODINAMIKA JSC,-0- 
18774,59283.0,aka,JOINT STOCK COMPANY AVIATION EQUIPMENT,-0- 
18775,29538.0,aka,"RT-STANKOINSTRUMENT, OAO",-0- 
18775,29539.0,aka,OPEN JOINT STOCK COMPANY RT-STANKOINSTRUMENT,-0- 
18775,29540.0,aka,OJSC STANKOINSTRUMENT,-0- 
18775,29541.0,aka,RT-STANKOINSTRUMENT,-0- 
18776,29543.0,aka,JOINT STOCK COMPANY RT-CHEMICAL TECHNOLOGIES AND COMPOSITE MATERIALS,-0- 
18776,29544.0,aka,"RT-KHIMKOMPOZIT, AO",-0- 
18776,29545.0,aka,RT-KHIMKOMPOZIT OAO,-0- 
18776,29546.0,aka,RT-KHIMKOMPOZIT OJSC,-0- 
18776,29547.0,aka,RT-CHEMICAL AND COMPOSITE TECHNOLOGIES AND MATERIALS,-0- 
18776,29548.0,aka,OAO JSC CHEMCOMPOSITE,-0- 
18776,29549.0,fka,OTKRYTOE AKTSIONERNOE OBSHCHESTVO RT KHIMICHESKIE TECHNOLOGIES I KOMPOZITSIONNYE MATERIALY,-0- 
18776,29550.0,fka,OTKRYTOE AKTSIONERNOE OBSHCHESTVO RT KHIMICHESKIE I KOMPOZITSIONNYE TECHNOLOGIES I MATERIALY,-0- 
18777,29552.0,aka,"RT-BIOTEKHPROM, AO",-0- 
18777,29553.0,aka,RT-BIOTECHPROM,-0- 
18777,29554.0,aka,RT-BIOTECHPROM OJSC,-0- 
18778,29559.0,aka,RT-AVTO OJSC,-0- 
18778,29560.0,aka,RT-AUTO OPEN JOINT STOCK COMPANY,-0- 
18779,59276.0,aka,AKTSIONERNOE OBSHCHESTVO SHVABE,-0- 
18779,59277.0,aka,AO SHVABE,-0- 
18779,59278.0,fka,SHVABE PAO,-0- 
18780,29567.0,aka,"PROMINVEST, OOO",-0- 
18780,29568.0,aka,PROMINVEST LIMITED LIABILITY COMPANY,-0- 
18781,29570.0,aka,OPK OBORONPROM OAO,-0- 
18781,29571.0,aka,UNITED INDUSTRIAL CORPORATION OBORONPROM OJSC,-0- 
18781,29572.0,aka,UNITED INDUSTRIAL DEFENCE CORPORATION OBORONPROM,-0- 
18781,29573.0,aka,OPK OBORONPROM,-0- 
18781,29574.0,fka,OTKRYTOE AKTSIONERNOE OBSHCHESTVO OBEDINENNAYA PROMYSHLENNAYA KORPORATSIYA OBORONPROM,-0- 
18782,29576.0,aka,RUSSIAN DEFENSE EXPORT ROSOBORONEXPORT,-0- 
18782,29577.0,aka,ROSOBORONEXPORT JSC,-0- 
18782,29578.0,aka,ROSOBORONEKSPORT OJSC,-0- 
18783,29582.0,aka,CONCERN SIRIUS JOINT STOCK COMPANY,-0- 
18783,29583.0,aka,JSC SIRIUS,-0- 
18784,29586.0,aka,AKTSIONERNY KOMMERCHESKI BANK NOVIKOMBANK AKTSIONERNOE OBSHCHESTVO,-0- 
18784,29587.0,aka,AO AKB NOVIKOMBANK,-0- 
18784,54935.0,aka,JOINT STOCK COMMERCIAL BANK NOVIKOMBANK JOINT STOCK COMPANY,-0- 
18784,54936.0,aka,NOVIKOMBANK JCSB,-0- 
18784,54938.0,fka,NOVIKOMBANK AO,-0- 
18785,29590.0,aka,"RT-OKHRANA, AO",-0- 
18785,29591.0,aka,RT-OKHRANA ZAO,-0- 
18785,29592.0,aka,ZAO RT-OKHRANA,-0- 
18785,29593.0,aka,JOINT STOCK COMPANY RT-GUARD,-0- 
18785,29804.0,aka,RT-OKHRANA,-0- 
18786,29596.0,aka,"TEKHNOLOGII BEZOPASNOSTI, OAO",-0- 
18786,29597.0,aka,JOINT STOCK COMPANY SECURITY TECHNOLOGIES,-0- 
18787,29600.0,aka,JSC-UNITED-INSTRUMENT-MANUFACTURING-CORPORATION,-0- 
18788,59395.0,aka,RT-INFORM LLC,-0- 
18789,29607.0,aka,ORION CONCERN OPEN JOINT STOCK COMPANY,-0- 
18789,29608.0,aka,OPEN JOINT-STOCK COMPANY KONTSERN ORION,-0- 
18790,29610.0,aka,OPEN JOINT-STOCK COMPANY RT-METALLURGIYA,-0- 
18790,29611.0,aka,RT-METALLURGY OPEN JOINT STOCK COMPANY,-0- 
18791,29613.0,aka,AIRCRAFT ENGINEERING CONCERN OPEN JOINT STOCK COMPANY,-0- 
18792,29616.0,aka,90 EXPERIMENTAL PLANT OPEN JOINT STOCK COMPANY,-0- 
18792,29617.0,aka,OPEN JOINT-STOCK COMPANY 90 EKSPERIMENTALNIY ZAVOD,-0- 
18793,29619.0,aka,"TSKB RM, AO",-0- 
18793,29620.0,aka,OPEN JOINT-STOCK COMPANY CENTRAL DESIGN OFFICE OF RADIOMATERIALS,-0- 
18793,29621.0,aka,CENTRAL DESIGN BUREAU OF SPECIAL RADIO MATERIALS OPEN JOINT STOCK COMPANY,-0- 
18793,29622.0,aka,OPEN JOINT STOCK COMPANY TSENTRALNOYE KONSTRUKTORSKOYE BYURO SPETSIALNYKH RADIOMATERIALOV,-0- 
18793,29623.0,fka,FEDERALNOE GOSUDARSTVENNOE UNITARNOE PREDPRIYATIE TSENTRALNOE KONSTRUKTORSKOE BYURO SPETSIALNYKH RADIOMATERIALOV,-0- 
18794,29625.0,aka,MOSCOW MECHANICAL EXPERIMENTAL PLANT - COMPOSITE TECHNOLOGIES OPEN JOINT STOCK COMPANY,-0- 
18794,29626.0,aka,JOINT STOCK COMPANY MOSKOW EXPERIMENTAL MACHINE-BUILDING PLANT - COMPOSITE TECHNOLOGIES,-0- 
18794,29627.0,aka,MMEZ-KT-OAO,-0- 
18794,29628.0,aka,"MMEZ-KT, AO",-0- 
18794,29629.0,aka,MMEZ-KT OJSC,-0- 
18794,29630.0,aka,MOSKOVSKIY MEKHANICHESKIY EKSPERIMENTALNIY ZAVOD - KOMPOZITSIONNYE TEKHNOLOGII,-0- 
18794,29631.0,fka,OTKRYTOE AKTSIONERNOE OBSHCHESTVO MOSKOVSKI MEKHANICHESKI EKSPEREMENTALNY ZAVOD,-0- 
18795,29635.0,aka,NOVO VYATKA OPEN JOINT STOCK COMPANY,-0- 
18808,29645.0,aka,"NPO OPTIKA, AO",-0- 
18808,29646.0,aka,OPEN JOINT STOCK COMPANY NAUCHNO-PROIZVODSTVENNOYE OBYEDINENIYE OPTIKA,-0- 
18808,29647.0,aka,FEDERAL STATE UNITARY ENTERPRISE SCIENTIFIC AND PRODUCTION ASSOCIATION OPTIKA,-0- 
18808,29648.0,fka,FEDERALNOE GOSUDARSTVENNOE UNITARNOE PREDPRIYATIE NAUCHNO PROIZVODSTVENNOE OBEDINENIE OPTIKA,-0- 
18809,29650.0,aka,"VO STANKOIMPORT, OAO",-0- 
18809,29651.0,aka,OPEN JOINT-STOCK COMPANY FOREIGN TRADE ENTERPRISE STANKOIMPORT,-0- 
18809,29652.0,aka,STANKOIMPORT FOREIGN TRADE ASSOCIATION OPEN JOINT STOCK COMPANY,-0- 
18809,29653.0,aka,VO STANKOIMPORT OJSC,-0- 
18810,29655.0,aka,"NPO LUCH, OAO",-0- 
18810,29656.0,aka,JOINT STOCK COMPANY NOVOSIBIRSK PRODUCTION AMALGAMATION LUCH,-0- 
18810,29657.0,fka,FEDERALNOE GOSUDARSTVENNOE UNITARNOE PREDPRIYATIE NOVOSIBIRSKOE PROIZVODSTVENNOE OB EDINENIE LUCH,-0- 
18811,29659.0,aka,"NPO SPLAV, OAO",-0- 
18811,29660.0,aka,OPEN JOINT-STOCK COMPANY SPLAV STATE AND RESEARCH PRODUCTION ASSOCIATION,-0- 
18811,29661.0,aka,SPLAV SCIENTIFIC PRODUCTION ASSOCIATION OPEN JOINT STOCK COMPANY,-0- 
18811,29662.0,aka,OPEN JOINT-STOCK COMPANY NAUCHNO-PROIZVODSTVENNOYE OBYEDINENIYE SPLAV,-0- 
18812,29664.0,aka,OPEN JOINT STOCK COMPANY NOVOVYATSK MECHANICAL PLANT,-0- 
18812,29665.0,aka,OPEN JOINT-STOCK COMPANY NOVOVYATSKIY MEKHANICHESKIY ZAVOD,-0- 
18812,29666.0,aka,NOVOVYATSKI MEKHANICHESKI ZAVOD OAO,-0- 
18813,29670.0,aka,"RT-ENERGO, OOO",-0- 
18813,29671.0,aka,RT-ENERGO LLC,-0- 
18813,29672.0,aka,RT-ENERGY EFFICIENCY LIMITED LIABILITY COMPANY,-0- 
18813,29673.0,aka,RT-ENERGOEFFEKTIVNOST LIMITED LIABILITY COMPANY,-0- 
18814,29676.0,aka,KALINOVO CHEMICAL PLANT OPEN JOINT STOCK COMPANY,-0- 
18814,29677.0,aka,OPEN JOINT-STOCK COMPANY KALINOVSKIY KHIMICHESKIY ZAVOD,-0- 
18814,29678.0,fka,AKTSIONERNOE OBSHCHESTVO OTKRYTOGO TIPA KALINOVSKI KHIMICHEKI ZAVOD,-0- 
18815,29680.0,aka,NOVOSIBIRSK FACTORY OF SEMICONDUCTOR DEVICES WITH THE SPECIAL DESIGN CENTRE PUBLIK JOINT STOCK COMPANY,-0- 
18815,29681.0,aka,NZPP S OKB OJSC,-0- 
18815,29682.0,aka,"NZP POLUPROVODNIKOVYKH PRIBOROV S OKB, AO",-0- 
18815,29683.0,fka,OTKRYTOE AKTSIONERNOE OBSHCHESTVO NOVOSIBIRSKI ZAVOD POLUPROVODNIKOVYKH PRIBOROV S OKB,-0- 
18816,29685.0,aka,"RT-STROITELNYE TEKHNOLOGII, AO",-0- 
18816,29686.0,aka,RT-STROITELNYE TECHNOLOGIES OAO,-0- 
18816,29687.0,aka,OPEN JOINT-STOCK COMPANY RT-STROITELNYYE TEKHNOLOGII,-0- 
18816,29688.0,aka,JOINT STOCK COMPANY RT-CONSTRUCTION TECHNOLOGIES,-0- 
18817,29690.0,aka,MAYAK MACHINE BUILDING PLANT OPEN JOINT STOCK COMPANY,-0- 
18817,29691.0,aka,MASHINOSTROITELNIY ZAVOD MAYAK,-0- 
18817,29692.0,aka,OPEN JOINT-STOCK COMPANY MASHINOSTROITELNIY ZAVOD MAYAK,-0- 
18818,29694.0,aka,ULYANOVSKIY GIPROAVIAPROM OJSC,-0- 
18818,29695.0,aka,ULYANOVSK STATE DESIGN AND ENGINEERING INSTITUTE FOR AVIATION INDUSTRY OPEN JOINT STOCK COMPANY,-0- 
18818,29696.0,aka,OPEN JOINT-STOCK COMPANY ULYANOVSKIY GOSUDARSTVENNIY PROYEKTNO-KONSTRUKTORSKIY INSTITUT AVIATSIONNOY PROMYSHLENNOSTI,-0- 
18819,29698.0,aka,UNITED ENGINE CORPORATION JSC,-0- 
18819,29700.0,fka,OTKRYTOE AKTSIONERNOE OBSHCHESTVO UPRAVLYAYUSHCHAYA KOMPANIYA OBEDINENNAYA DVIGATELESTROITELNAYA KORPORATSIYA,-0- 
18820,29702.0,aka,RUSSIAN HELICOPTERS JOINT STOCK COMPANY,-0- 
18820,29703.0,aka,OPEN JOINT STOCK COMPANY RUSSIAN HELICOPTERS,-0- 
18820,56300.0,aka,JSC RUSSIAN HELICOPTERS,-0- 
18820,56301.0,aka,JOINT STOCK COMPANY RUSSIAN HELICOPTERS,-0- 
18820,56302.0,aka,AKTSIONERNOE OBSHCHESTVO VERTOLETY ROSSII,-0- 
19468,30628.0,aka,GAZPROM DOBYCHA YAMBURG,-0- 
19468,30629.0,aka,OBSHCHESTVO S OGRANICHENNOI OTVETSTVENNOSTYU 'GAZPROM DOBYCHA YAMBURG',-0- 
19469,30631.0,aka,GAZPROM TRANSGAZ YUGORSK,-0- 
19469,30632.0,aka,OBSHCHESTVO S OGRANICHENNOI OTVETSTVENNOSTYU 'GAZPROM TRANSGAZ YUGORSK',-0- 
19469,30633.0,fka,OBSHCHESTVO S OGRANICHENNOI OTVETSTVENNOSTYU TYUMENTRANSGAZ,-0- 
19470,30635.0,aka,NIIGAZECONOMIKA,-0- 
19470,30636.0,aka,OBSHCHESTVO S OGRANICHENNOI OTVETSTVENNOSTYU 'NAUCHNOISSLEDOVATELSKI INSTITUT EKONOMIKI I ORGANIZATSII UPRAVLENIYA V GAZOVOIPROMYSHLENNOSTI',-0- 
19471,30638.0,aka,GAZPROM TRANSGAZ SAINT PETERSBURG,-0- 
19471,30639.0,aka,OBSHCHESTVO S OGRANICHENNOI OTVETSTVENNOSTYU 'GAZPROM TRANSGAZ SANKT-PETERBURG',-0- 
19472,30641.0,aka,GAZPROM TRANSGAZ STAVROPOL,-0- 
19472,30642.0,aka,OBSHCHESTVO S OGRANICHENNOI OTVETSTVENNOSTYU 'GAZPROM TRANSGAZ STAVROPOL',-0- 
19542,30728.0,aka,GAZPROM RUSSKAYA,-0- 
19542,30729.0,aka,OBSHCHESTVO S OGRANICHENNOI OTVETSTVENNOSTYU 'GAZPROM RUSSKAYA',-0- 
19542,30730.0,fka,OBSHCHESTVO S OGRANICHENNOI OTVETSTVENNOSTYU KOVYKTNEFTEGAZ,-0- 
19543,30732.0,aka,GAZPROM ENERGO,-0- 
19543,30733.0,aka,OBSHCHESTVO S OGRANICHENNOI OTVETSTVENNOSTYU 'GAZPROM ENERGO',-0- 
19544,30735.0,aka,GAZPROM DOBYCHA NADYM,-0- 
19544,30736.0,aka,OBSHCHESTVO S OGRANICHENNOI OTVETSTVENNOSTYU 'GAZPROM DOBYCHA NADYM',-0- 
19545,30738.0,aka,GAZPROM SVYAZ,-0- 
19545,30739.0,aka,OBSHCHESTVO S OGRANICHENNOI OTVETSTVENNOSTYU 'GAZPROM SVYAZ',-0- 
19546,30741.0,aka,GAZPROM MEZHREGIONGAZ,-0- 
19546,30742.0,aka,OBSHCHESTVO S OGRANICHENNOI OTVETSTVENNOSTYU 'GAZPROM MEZHREGIONGAZ',-0- 
19631,30829.0,aka,GAZPROM DOBYCHA KUZNETSK,-0- 
19631,30830.0,aka,OBSHCHESTVO S OGRANICHENNOI OTVETSTVENNOSTYU 'GAZPROM DOBYCHA KUZNETSK',-0- 
19632,30832.0,aka,GAZPROM TRANSGAZ UKHTA,-0- 
19632,30833.0,aka,OBSHCHESTVO S OGRANICHENNOI OTVETSTVENNOSTYU 'GAZPROM TRANSGAZ UKHTA',-0- 
19633,30835.0,aka,GAZPROM TRANSGAZ KAZAN,-0- 
19633,30836.0,aka,OBSHCHESTVO S OGRANICHENNOI OTVETSTVENNOSTYU 'GAZPROM TRANSGAZ KAZAN',-0- 
19634,30838.0,aka,GAZPROM TRANSGAZ SARATOV,-0- 
19634,30839.0,aka,OBSHCHESTVO S OGRANICHENNOI OTVETSTVENNOSTYU 'GAZPROM TRANSGAZ SARATOV',-0- 
19635,30841.0,aka,GAZPROM SOTSINVEST,-0- 
19635,30842.0,aka,OBSHCHESTVO S OGRANICHENNOI OTVETSTVENNOSTYU 'GAZPROM SOTSINVEST',-0- 
19635,30843.0,fka,GAZPROMINVESTARENA OOO,-0- 
19636,30845.0,aka,GAZPROM DOBYCHA NOYABRSK,-0- 
19636,30846.0,aka,OBSHCHESTVO S OGRANICHENNOI OTVETSTVENNOSTYU 'GAZPROM DOBYCHA NOYABRSK',-0- 
19637,30848.0,aka,GAZPROM GAZOBEZOPASNOST,-0- 
19637,30849.0,aka,OBSHCHESTVO S OGRANICHENNOI OTVETSTVENNOSTYU 'GAZPROM GAZOBEZOPASNOST',-0- 
19638,30852.0,aka,GAZPROM FLOT,-0- 
19638,30853.0,aka,OBSHCHESTVO S OGRANICHENNOI OTVETSTVENNOSTYU 'GAZPROM FLOT',-0- 
19638,30854.0,fka,OBSHCHESTVO S OGRANICHENNOI OTVETSTVENNOSTYU GAZFLOT,-0- 
19639,30856.0,aka,GAZ-OIL,-0- 
19639,30857.0,aka,OBSHCHESTVO S OGRANICHENNOI OTVETSTVENNOSTYU 'GAZ-OIL',-0- 
19639,30858.0,fka,ZAKRYTOE AKTSIONERNOE OBSHCHESTVO GAZ OIL,-0- 
19640,30860.0,aka,GAZPROM INVEST,-0- 
19640,30861.0,aka,OBSHCHESTVO S OGRANICHENNOI OTVETSTVENNOSTYU 'GAZPROM INVEST',-0- 
19640,77340.0,aka,LIMITED LIABILITY COMPANY GAZPROM INVEST,-0- 
19641,30863.0,aka,GAZPROM TSENTRREMONT,-0- 
19641,30864.0,aka,OBSHCHESTVO S OGRANICHENNOI OTVETSTVENNOSTYU 'GAZPROM TSENTRREMONT',-0- 
19642,30866.0,aka,GAZPROM DOBYCHA KRASNODAR,-0- 
19642,30867.0,aka,OBSHCHESTVO S OGRANICHENNOI OTVETSTVENNOSTYU 'GAZPROM DOBYCHA KRASNODAR',-0- 
19643,30869.0,aka,GAZPROM TRANSGAZ KRASNODAR,-0- 
19643,30870.0,aka,OBSHCHESTVO S OGRANICHENNOI OTVETSTVENNOSTYU 'GAZPROM TRANSGAZ KRASNODAR',-0- 
19644,30872.0,aka,GAZPROM PERSONAL,-0- 
19644,30873.0,aka,OBSHCHESTVO S OGRANICHENNOI OTVETSTVENNOSTYU 'GAZPROM PERSONAL',-0- 
19645,30875.0,aka,GAZPROM PERERABOTKA,-0- 
19645,30876.0,aka,OBSHCHESTVO S OGRANICHENNOI OTVETSTVENNOSTYU 'GAZPROM PERERABOTKA',-0- 
19646,30878.0,aka,GAZPROM TRANSGAZ VOLGOGRAD,-0- 
19646,30879.0,aka,OBSHCHESTVO S OGRANICHENNOI OTVETSTVENNOSTYU 'GAZPROM TRANSGAZ VOLGOGRAD',-0- 
19647,30881.0,aka,GAZPROM TRANSGAZ TOMSK,-0- 
19647,30882.0,aka,OBSHCHESTVO S OGRANICHENNOI OTVETSTVENNOSTYU 'GAZPROM TRANSGAZ TOMSK',-0- 
19648,30884.0,aka,GAZPROM TRANSGAZ SURGUT,-0- 
19648,30885.0,aka,OBSHCHESTVO S OGRANICHENNOI OTVETSTVENNOSTYU 'GAZPROM TRANSGAZ SURGUT',-0- 
19649,30887.0,aka,GAZPROM TRANSGAZ NIZHNY NOVGOROD,-0- 
19649,30888.0,aka,OBSHCHESTVO S OGRANICHENNOI OTVETSTVENNOSTYU 'GAZPROM TRANSGAZ NIZHNI NOVGOROD',-0- 
19650,30890.0,aka,GAZPROM GAZNADZOR,-0- 
19650,30891.0,aka,OBSHCHESTVO S OGRANICHENNOI OTVETSTVENNOSTYU 'GAZPROM GAZNADZOR',-0- 
19652,30897.0,aka,GAZPROM KOMPLEKTATSIYA,-0- 
19652,30898.0,aka,OBSHCHESTVO S OGRANICHENNOI OTVETSTVENNOSTYU 'GAZPROM KOMPLEKTATSIYA',-0- 
19653,30900.0,aka,GAZPROM VNIIGAZ,-0- 
19653,30901.0,aka,OBSHCHESTVO S OGRANICHENNOI OTVETSTVENNOSTYU 'NAUCHNO-ISSLEDOVATELSKI INSTITUT PRIRODNYKH GAZOV I GAZOVYKH TEKHNOLOGI - GAZPROM VNIIGAZ',-0- 
19653,66213.0,aka,LLC VNIIGAZ,-0- 
19654,30903.0,aka,GAZPROM TELECOM,-0- 
19654,30904.0,aka,OBSHCHESTVO S OGRANICHENNOI OTVETSTVENNOSTYU 'GAZPROM TELEKOM',-0- 
19654,30905.0,fka,ZAKRYTOE AKTSIONERNOE OBSHCHESTVO GAZTELEKOM,-0- 
19670,30921.0,aka,GAZPROM INFORM,-0- 
19670,30922.0,aka,OBSHCHESTVO S OGRANICHENNOI OTVETSTVENNOSTYU 'GAZPROM INFORM',-0- 
19670,30923.0,fka,ZAKRYTOE AKTSIONERNOE OBSHCHESTVO INFORMGAZINVEST,-0- 
19672,30928.0,aka,GAZPROM DOBYCHA IRKUTSK,-0- 
19672,30930.0,aka,OBSHCHESTVO S OGRANICHENNOI OTVETSTVENNOSTYU 'GAZPROM DOBYCHA IRKUTSK',-0- 
19672,30932.0,fka,OTKRYTOE AKTSIONERNOE OBSHCHESTVO IRKUTSKGAZPROM,-0- 
19673,30937.0,aka,GAZMASH,-0- 
19673,30938.0,aka,AKTSIONERNOE OBSHCHESTVO 'GAZMASH',-0- 
19673,30939.0,fka,DOCHERNEE OTKRYTOE AKTSIONERNOE OBSHCHESTVO GAZMASH OTKRYTOGO AKTSIONERNOGO OBSHCHESTVA GAZPROM,-0- 
19674,30941.0,aka,GAZPROM TRANSGAZ SAMARA,-0- 
19674,30942.0,aka,OBSHCHESTVO S OGRANICHENNOI OTVETSTVENNOSTYU 'GAZPROM TRANSGAZ SAMARA',-0- 
19675,30944.0,aka,GAZPROM KAPITAL,-0- 
19675,30945.0,aka,OBSHCHESTVO S OGRANICHENNOI OTVETSTVENNOSTYU 'GAZPROM KAPITAL',-0- 
19675,30946.0,fka,OBSHCHESTVO S OGRANICHENNOI OTVETSTVENNOSTYU KAP INFIN,-0- 
19676,30948.0,aka,YAMALGAZINVEST,-0- 
19676,30949.0,aka,ZAKRYTOE AKTSIONERNOE OBSHCHESTVO 'YAMALGAZINVEST',-0- 
19677,30951.0,aka,GAZPROM DOBYCHA URENGOY,-0- 
19677,30952.0,aka,OBSHCHESTVO S OGRANICHENNOI OTVETSTVENNOSTYU 'GAZPROM DOBYCHA URENGOI',-0- 
19678,30954.0,aka,GAZPROM GEOLOGORAZVEDKA,-0- 
19678,30955.0,aka,OBSHCHESTVO S OGRANICHENNOI OTVETSTVENNOSTYU 'GAZPROM GEOLOGORAZVEDKA',-0- 
19678,30956.0,fka,OBSHCHESTVO S OGRANICHENNOI OTVETSTVENNOSTYU GAZPROM DOBYCHA KRASNOYARSK,-0- 
19681,30982.0,aka,GAZPROM TRANSGAZ MAKHACHKALA,-0- 
19681,30983.0,aka,OBSHCHESTVO S OGRANICHENNOI OTVETSTVENNOSTYU 'GAZPROM TRANSGAZ MAKHACHKALA,-0- 
19681,30984.0,fka,OBSHCHESTVO S OGRANICHENNOI OTVETSTVENNOSTYU GAZPROM TRANSGAZ MAKHACHKALA,-0- 
19683,30997.0,aka,GAZPROM TRANSGAZ UFA,-0- 
19683,30999.0,aka,OBSHCHESTVO S OGRANICHENNOI OTVETSTVENNOSTYU 'GAZPROM TRANSGAZ UFA',-0- 
19683,31001.0,fka,OBSHCHESTVO S OGRANICHENNOI OTVETSTVENNOSTYU BASHTRANSGAZ OTKRYTOGO AKTSIONERNOGO OBSHCHESTVA GAZPROM,-0- 
19684,31004.0,aka,VOSTOKGAZPROM,-0- 
19684,31005.0,aka,OTKRYTOE AKTSIONERNOE OBSHCHESTVO 'VOSTOKGAZPROM',-0- 
19685,31011.0,aka,OBSHCHESTVO S OGRANICHENNOI OTVETSTVENNOSTYU 'LAZURNAYA',-0- 
19686,31013.0,aka,GAZPROM PROMGAZ,-0- 
19686,31014.0,aka,AKTSIONERNOE OBSHCHESTVO 'GAZPROM PROMGAZ',-0- 
19686,31015.0,fka,OTKRYTOE AKTSIONERNOE OBSHCHESTVO GAZPROM PROMGAZ,-0- 
19687,31019.0,aka,KAMCHATGAZPROM,-0- 
19687,31020.0,aka,OTKRYTOE AKTSIONERNOE OBSHCHESTVO 'KAMCHATGAZPROM',-0- 
19688,31036.0,aka,DALTRANSGAZ,-0- 
19688,31037.0,aka,OTKRYTOE AKTSIONERNOE OBSHCHESTVO 'DALTRANSGAZ',-0- 
19690,31044.0,aka,DRUZHBA,-0- 
19690,31045.0,aka,AKTSIONERNOE OBSHCHESTVO 'DRUZHBA',-0- 
19691,31047.0,aka,KRASNOYARSKGAZPROM,-0- 
19691,31048.0,aka,PUBLICHNOE AKTSIONERNOE OBSHCHESTVO 'KRASNOYARSKGAZPROM',-0- 
19692,31050.0,aka,ACHIM DEVELOPMENT,-0- 
19692,31051.0,aka,OBSHCHESTVO S OGRANICHENNOI OTVETSTVENNOSTYU 'ACHIM DEVELOPMENT',-0- 
19989,31527.0,aka,OPEN JOINT STOK COMPANY 'INSURANCE GROUP MCK',-0- 
19989,31528.0,aka,AKTSIONERNOE OBSHCHESTVO 'STRAKHOVAYA GRUPPA MSK',-0- 
19989,31529.0,aka,OAO 'STRACHOVAIYA GRUPPA MSK',-0- 
19989,31530.0,aka,PJSC 'INSURANCE GROUP MSK',-0- 
19990,31536.0,aka,BM PROJECT LLC,-0- 
19990,31538.0,aka,OOO BM PROECKT,-0- 
19990,31539.0,aka,LIMITED LIABILITY COMPANY 'BM PROYEKT',-0- 
19990,31540.0,aka,OBSHCHESTVO S ORGRANICHENNOI OTVETSTVENNOSTYU 'BM PROEKT',-0- 
19992,31547.0,aka,BALTECH LLC,-0- 
19992,31548.0,aka,OOO BALTECH,-0- 
19992,58566.0,aka,LIMITED LIABILITY CORPORATION BALTECH,-0- 
19992,58567.0,aka,OBSCHESTVO S OGRANICHENNOY OTVETSTVENNOSTYU BALTEKH,-0- 
19992,58568.0,aka,OOO BALTEKH,-0- 
19993,31550.0,aka,BM HOLDING LTD,-0- 
19993,31551.0,aka,BM HOLDING SA,-0- 
19997,31557.0,aka,BOM PROJECT FINANCING LIMITED,-0- 
19999,31560.0,aka,ZAO 'FINANSOVY ASSISTANT',-0- 
19999,31562.0,aka,CJSC 'FINANSOVY ASSISTANT',-0- 
20000,31564.0,aka,OPEN JOINT STOCK COMPANY 'BUMAZHNO-POLIGRAFICHESKOYE OBYEDINENIYE 'PECHATNIKI',-0- 
20000,31565.0,aka,OTKRYTOE AKTSIONERNOE OBSHCHESTVO 'BUMAZHNO-POLIGRAFICHESKOE OBEDINENIE 'PECHATNIKI',-0- 
20001,31568.0,aka,OJSC UNITED COMPANY,-0- 
20001,31569.0,aka,OAO 'OBIDINENAIYA KOMANIYA',-0- 
20001,31570.0,aka,PJSC 'UNITED COMPANY',-0- 
20002,58272.0,aka,BMBANK JSC,-0- 
20002,58273.0,aka,PUBLICHNOYE JOINT-STOCK COMPANY BM BANK,-0- 
20002,58274.0,aka,LLC BM BANK,-0- 
20003,31579.0,aka,CLOSED JOINT-STOCK COMPANY 'LESPROMPROCESSING',-0- 
20003,31580.0,aka,LESPROMPROCESSING CJSC,-0- 
20003,31581.0,aka,CJSC LESPROMPROCESSING,-0- 
20003,31582.0,fka,LIKVIDATSIONNAYA KOMISSIYA ZAO 'LESPROMPROTSESSING' (RESHENIE O LIKVIDATSII I O LIKVIDATORE),-0- 
20005,31589.0,aka,OBSHCHESTVO S GRANICHENNOI OTVETSTVENNOSTYU 'RIELTSITI',-0- 
20005,31590.0,aka,LIMITED LIABILITY COMPANY 'RIELTSITI',-0- 
20005,31592.0,aka,OOO 'REALTCITY',-0- 
20006,31595.0,aka,JOINT STOCK COMPANY 'MEZHDUNARODNAYA UPRAVLYAYUSHCHAYA KOMPANIYA',-0- 
20006,31596.0,aka,AKTSIONERNOE OBSHCHESTVO 'MEZHDUNARODNAYA UPRAVLYAYUSHCHAYA KOMPANIYA',-0- 
20006,31597.0,aka,INTERNATIONAL MANAGEMENT COMPANY OJSC,-0- 
20006,31598.0,aka,OJSC INTERNATIONAL MANAGEMENT COMPANY,-0- 
20006,31599.0,fka,AKTSIONERNOE OBSHCHESTVO MEZHDUNARODNAYA UPRAVLYAYUSHCHAYA KOMPANIYA,-0- 
20007,31601.0,aka,BM DIREKTSIYA LLC,-0- 
20007,31603.0,aka,LIMITED LIABILITY COMPANY 'BM-DIREKTSIYA',-0- 
20007,31605.0,aka,OOO 'BM-DIREKTSIYA',-0- 
20007,31607.0,aka,OBSHCHESTVO S ORGANICHENNOI OTVETSTVENNOSTYU 'BM-DIREKTSIYA',-0- 
20008,31604.0,aka,PJSC CHAIKA,-0- 
20008,31606.0,aka,OAO CHAIKA,-0- 
20008,31608.0,aka,CHAIKA OJSC,-0- 
20009,31610.0,aka,CJSC 'AUTOMATED BANKING TECHNOLOGIES',-0- 
20009,31611.0,aka,ZAO 'AVTOMATIZIROVANNIY BANKOVSKIY TECHNOLOGII',-0- 
20009,31612.0,aka,JOINT STOCK COMPANY 'AVTOMATIZIROVANNYYEE BANKOVSKIYE TEKHNOLOGII',-0- 
20294,32060.0,aka,CREDIT URAL BANK JOINT-STOCK COMPANY,-0- 
20294,32061.0,aka,KREDIT URAL BANK OTKRYTOE AKTSIONERNOE OBSHCHESTVO,-0- 
20294,32167.0,aka,BANK KUB AO,-0- 
20295,32064.0,aka,LIMITED LIABILITY COMPANY GAZKARDSERVIS,-0- 
20296,32066.0,aka,JSC GAZPROM-MEDIA HOLDING,-0- 
20296,32067.0,aka,JOINT-STOCK COMPANY GAZPROM-MEDIA HOLDING,-0- 
20297,32069.0,aka,CLOSED JOINT-STOCK COMPANY GAZPROMBANK LIZING,-0- 
20298,32071.0,aka,GAZPROMBANK ASSET MANAGEMENT ZAO,-0- 
20298,32072.0,aka,CLOSED JOINT-STOCK COMPANY GAZPROMBANK-UPRAVLENIE AKTIVAMI,-0- 
20299,32074.0,aka,LIMITED LIABILITY COMPANY GPB-FAKTORING,-0- 
20300,32076.0,aka,LIMITED LIABILITY COMPANY GAZPROMBANK-INVEST,-0- 
20301,32078.0,aka,CLOSED JOINT-STOCK COMPANY NOVYE FINANSOVYE TEKHNOLOGII,-0- 
20301,32079.0,aka,ZAO NOVYE FINANSOVYE TEKHNOLOGII,-0- 
20302,32083.0,aka,AO PROIZVODSTVENNOE OBYEDINENIE 'URALENERGOMONTAZH',-0- 
20303,32085.0,aka,JOINT-STOCK BANK GPB-MORTGAGE CLOSED JOINT STOCK COMPANY,-0- 
20303,32086.0,aka,"GPB-IPOTEKA OAO, AB",-0- 
20304,32088.0,aka,IZ-KARTEX NAMED AFTER P.G. KOROBKOV LTD,-0- 
20305,32090.0,aka,OPEN JOINT STOCK COMPANY IZHORSKIE ZAVODY,-0- 
20306,32092.0,aka,CRYOGENMASH,-0- 
20306,32093.0,aka,OPEN JOINT-STOCK COMPANY KRIOGENNOGO MASHINOSTROYENIA,-0- 
20306,69832.0,aka,PUBLICHNOE AKTSIONERNOE OBSCHESTVO KRIOGENNOGO MASHINOSTROENIYA,-0- 
20306,69833.0,aka,CRYOGENMASH JOINT STOCK COMPANY,-0- 
20306,69835.0,fka,OPEN JOINT STOCK COMPANY CRYOGENMASH,-0- 
20307,32095.0,aka,OBYEDINYONNYE MASHINOSTROITELNYE ZAVODY (GRUPPA URALMASH-IZHORA),-0- 
20308,32097.0,aka,LIMITED LIABILITY COMPANY OMZ-SPETSSTAL,-0- 
20308,32098.0,aka,OMZ-SPECIAL STEELS,-0- 
20309,32100.0,aka,URALMASHPLANT,-0- 
20311,32103.0,aka,ARMENIAN-RUSSIAN EXPORT-IMPORT BANK-GAZPROMBANK GROUP CLOSED JOINT-STOCK COMPANY,-0- 
20313,32188.0,aka,CENTREX EUROPE ENERGY & GAS AG,-0- 
20314,32107.0,aka,SIRITIA VENTURES LTD,-0- 
20318,32187.0,aka,NAGELFAR TRADE & INVEST LIMITED,-0- 
20621,32576.0,aka,OBSHCHESTVO S OGRANICHENNOI OTVETSTVENNOSTYU 'TORGOVY' DOM 'AGROTORG',-0- 
20621,32577.0,aka,TRADING COMPANY 'AGROTORG' LTD.,-0- 
20640,32579.0,aka,OTKRYTOE AKTSIONERNOE OBSHCHESTVO 'RASSVET',-0- 
20640,32580.0,aka,OAO 'RASSVET',-0- 
20640,32581.0,aka,OPEN JOINT STOCK COMPANY 'RASSVET',-0- 
20640,32582.0,fka,ZAKRYTOE AKTSIONERNOE OBSHCHESTVO RASSVET,-0- 
20660,32597.0,aka,AKTSIONERNOE OBSHCHESTVO 'AGROKREDIT-INFORM',-0- 
20660,32598.0,aka,CLOSED JOINT-STOCK COMPANY 'AGROCREDIT-INFORM',-0- 
20661,32600.0,aka,OTKRYTOE AKTSIONERNOE OBSHCHESTVO 'UMANSKI ELEVATOR',-0- 
20661,32601.0,aka,OPEN JOINT STOCK COMPANY 'UMANSKIY ELEVATOR',-0- 
20661,32602.0,fka,OTKRYTOE AKTSIONERNOE OBSHCHESTVO OTKRYTOGO TIPA UMANSKI ELEVATOR,-0- 
20662,32604.0,aka,OTKRYTOE AKTSIONERNOE OBSHCHESTVO 'BELOGLINSKI ELEVATOR',-0- 
20662,32605.0,aka,OAO 'BELOGLINSKI ELEVATOR',-0- 
20662,32606.0,aka,OPEN JOINT STOCK COMPANY 'BELOGLINSKIY ELEVATOR',-0- 
20662,32607.0,fka,AKTSIONERNOE OBSHCHESTVO OTKRYTOGO TIPA BELOGLINSKI ELEVATOR,-0- 
20665,32618.0,aka,OTKRYTOE AKTSIONERNOE OBSHCHESTVO 'LADOZHSKI ELEVATOR',-0- 
20665,32620.0,aka,OAO 'LADOZHSKI ELEVATOR',-0- 
20665,32621.0,aka,OPEN JOINT STOCK COMPANY 'LADOGSKIY ELEVATOR',-0- 
20665,32623.0,fka,AKTSIONERNOE OBSHCHESTVO OTKRYTOGO TIPA LADOZHSKI ELEVATOR,-0- 
20666,32629.0,aka,OTKRYTOE AKTSIONERNOE OBSHCHESTVO 'VELICHKOVSKI ELEVATOR',-0- 
20666,32630.0,aka,OPEN JOINT STOCK COMPANY 'VELICHKOVSKIY ELEVATOR',-0- 
20666,32631.0,fka,OTKRYTOE AKTSIONERNOE OBSHCHESTVO OTKRYTOGO TIPA VELICHKOVSKI ELEVATOR,-0- 
20667,32633.0,aka,OTKRYTOE AKTSIONERNOE OBSHCHESTVO 'EYANSKI ELEVATOR',-0- 
20667,32634.0,aka,OPEN JOINT STOCK COMPANY 'EYANSKI ELEVATOR',-0- 
20667,32635.0,fka,OTKRYTOE AKTSIONERNOE OBSHCHESTVO OTKRYTOGO TIPA EYANSKI ELEVATOR,-0- 
20668,32637.0,aka,ZAKRYTOE AKTSIONERNOE OBSHCHESTVO 'KHOMYAKOVSKI KHLADOKOMBINAT',-0- 
20668,32638.0,aka,CLOSED JOINT STOCK COMPANY 'HOMIAKOVSKIY COLD STORAGE COMPLEX',-0- 
20668,32639.0,fka,ZAKRYTOE AKTSIONERNOE OBSHCHESTVO KHOMYAKOVSKI KHLADOKOMBINAT,-0- 
20669,32641.0,aka,OTKRYTOE AKTSIONERNOE OBSHCHESTVO 'MALOROSSISKI ELEVATOR',-0- 
20669,32642.0,aka,OPEN JOINT STOCK COMPANY 'MALOROSSIYSKIY ELEVATOR',-0- 
20669,32643.0,fka,AKTSIONERNOE OBSHCHESTVO OTKRYTOGO TIPA MALOROSSISKI ELEVATOR RUS,-0- 
20670,32645.0,aka,OTKRYTOE AKTSIONERNOE OBSHCHESTVO 'KRYLOVSKI ELVATOR',-0- 
20670,32646.0,aka,OAO 'KRYLOVSKI ELEVATOR',-0- 
20670,32647.0,aka,OPEN JOINT STOCK COMPANY 'KRYLOVSKIY ELEVATOR',-0- 
20670,32648.0,fka,OTKRYTOE AKTSIONERNOE OBSHCHESTVO OTKRYTOGO TIPA KRYLOVSKI ELEVATOR,-0- 
20671,32650.0,aka,OTKRYTOE AKTSIONERNOE OBSHCHESTVO 'ROVNENSKI ELEVATOR',-0- 
20671,32651.0,aka,OAO 'ROVNENSKI ELEVATOR',-0- 
20671,32652.0,aka,OPEN JOINT STOCK COMPANY 'ROVNENSKIY ELEVATOR',-0- 
20671,32653.0,fka,AKTSIONERNOE OBSHCHESTVO OTKRYTOGO TIPA ROVNENSKI ELEVATOR,-0- 
20672,32655.0,aka,OTKRYTOE AKTSIONERNOE OBSHCHESTVO 'STEPNYANSKI ELEVATOR',-0- 
20672,32656.0,aka,OAO 'STEPNYANSKI ELEVATOR',-0- 
20672,32657.0,aka,OPEN JOINT STOCK COMPANY 'STEPNYANSIKY ELEVATOR',-0- 
20672,32658.0,fka,AKTSIONERNOE OBSHCHESTVO OTKRYTOGO TIPA STEPNYANSKI ELEVATOR,-0- 
20673,32660.0,aka,OTKRYTOE AKTSIONERNOE OBSHCHESTVO 'ALBASHSKI ELEVATOR',-0- 
20673,32661.0,aka,OAO 'ALBASHSKI ELEVATOR',-0- 
20673,32662.0,aka,OPEN JOINT STOCK COMPANY 'ALBASHSKIY ELEVATOR',-0- 
20673,32663.0,fka,AKTSIONERNOE OBSHCHESTVO OTKRYTOGO TIPA ALBASHKI ELEVATOR,-0- 
20675,32666.0,aka,OBSHCHESTVO S OGRANICHENNOI OTVETSTVENNOSTYU 'NOVATEK-UST-LUGA',-0- 
20675,32667.0,aka,OOO 'NOVATEK-UST-LUGA',-0- 
20676,32669.0,aka,OBSHCHESTVO S OGRANICHENNOI OTVETSTVENNOSTYU 'SHERVUD PREMER',-0- 
20676,32670.0,aka,SHERVUD PREMIER OOO,-0- 
20677,32672.0,aka,OBSHCHESTVO S OGRANICHENNOI OTVETSTVENNOSTYU 'NOVATEK-TARKOSALENEFTEGAZ',-0- 
20677,32673.0,fka,OBSHCHESTVO S OGRANICHENNOI OTVETSTVENNOSTYU PUR LEND,-0- 
20677,32840.0,aka,OOO NOVATEK-TARKOSALENEFTGAS,-0- 
20678,32675.0,aka,OBSHCHESTVO S OGRANICHENNOI OTVETSTVENNOSTYU 'NOVATEK SEVERO-ZAPAD',-0- 
20678,32676.0,aka,LIMITED LIABILITY COMPANY 'NOVATEK NORTH-WEST',-0- 
20678,32816.0,aka,OOO NOVATEK SEVERO-ZAPAD,-0- 
20679,32678.0,aka,OBSHCHESTVO S OGRANICHENNOI OTVETSTVENNOSTYU 'NOVATEK-PUROVSKI ZPK',-0- 
20679,32679.0,fka,NOVA ZPK OOO,-0- 
20679,32841.0,aka,OOO NOVATEK-PUROVSKY ZPK,-0- 
20680,32681.0,aka,OBSHCHESTVO S OGRANICHENNOI OTVETSTVENNOSTYU 'NOVATEK-TRANSERVIS',-0- 
20680,32838.0,aka,OOO NOVATEK-TRANSERVICE,-0- 
20681,32683.0,aka,OBSHCHESTVO S OGRANICHENNOI OTVETSTVENNOSTYU 'NOVATEK-PERM',-0- 
20681,32684.0,aka,OOO 'NOVATEK-PERM',-0- 
20683,32688.0,aka,OBSHCHESTVO S OGRANICHENNOI OTVETSTVENNOSTYU 'NOVATEK- CHELYABINSK',-0- 
20683,32689.0,fka,YAMALGAZRESURS-CHELYABINSK OOO,-0- 
20683,32839.0,aka,OOO NOVATEK-CHELYABINSK,-0- 
20684,32691.0,aka,OBSHCHESTVO S OGRANICHENNOI OTVETSTVENNOSTYU 'NOVATEK-YARSALENEFTEGAZ',-0- 
20685,32693.0,aka,OBSHCHESTVO S OGRANICHENNOI OTVETSTVENNOSTYU 'NOVATEK-KOSTROMA',-0- 
20685,32694.0,fka,OBSHCHESTVO S OGRANICHENNOI OTVETSTVENNOSTYU KOSTROMSKAYA REGIONALNAYA KOMPANIYA PO REALIZATSII GAZA,-0- 
20685,32837.0,aka,OOO NOVATEK-KOSTROMA,-0- 
20686,32842.0,aka,ZAO TERNEFTGAS,-0- 
20687,32697.0,aka,OBSHCHESTVO S OGRANICHENNOI OTVETSTVENNOSTYU 'YARGEO',-0- 
20687,32843.0,aka,OOO YARGEO,-0- 
22383,35192.0,aka,OBSHCHESTVO S OGRANICHENNOI OTVETSTVENNOSTYU 'TRANSNEFT FINANS',-0- 
22383,35193.0,aka,TRANSNEFT FINANCE LIMITED,-0- 
22383,35194.0,aka,LIMITED LIABILITY COMPANY 'TRANSNEFT FINANS',-0- 
22384,35196.0,aka,OBSHCHESTVO S OGRANICHENNOI OTVETSTVENNOSTYU 'TRANSNEFT - MEDIA',-0- 
22384,35197.0,aka,LLC 'TRANSPRESS',-0- 
22384,35198.0,aka,LIMITED LIABILITY COMPANY 'TRANSPRESS',-0- 
22385,35200.0,aka,AKTSIONERNOE OBSHCHESTVO 'TRANSNEFT-PRIVOLGA',-0- 
22385,35201.0,aka,JSC PRIVOLZHSKNEFTEPROVOD,-0- 
22385,35202.0,aka,OPEN JOINT-STOCK COMPANY 'PRIVOLZHSK OIL TRUNK PIPELINES',-0- 
22386,35204.0,aka,AKTSIONERNOE OBSHCHESTVO 'TRANSNEFT - SIBIR',-0- 
22386,35205.0,aka,"TRANSNEFT SIBIRIA, JSC",-0- 
22386,35206.0,aka,JSC SIBNEFTEPROVOD,-0- 
22386,35207.0,aka,OPEN JOINT-STOCK COMPANY 'SIBNEFTEPROVOD',-0- 
22387,35209.0,aka,OBSHCHESTVO S OGRANICHENNOI OTVETSTVENNOSTYU 'DALNEVOSTOCHNAYA STROITELNAYA DIREKTSIYA',-0- 
22387,35211.0,aka,LIMITED LIABILITY COMPANY 'FAR EAST CONSTRUCTION DIRECTION',-0- 
22388,35213.0,aka,AKTSIONERNOE OBSHCHESTVO 'SVYAZ OBEKTOV TRANSPORTA I DOBYCHI NEFTI',-0- 
22388,35214.0,aka,JSC 'SVYAZTRANSNEFT',-0- 
22388,35215.0,aka,OPEN JOINT-STOCK COMPANY 'COMMUNICATION OF THE OBJECTS OF OIL TRANSPORTATION AND EXTRACTION',-0- 
22389,35217.0,aka,AKTSIONERNOE OBSHCHESTVO 'TRANSNEFT - URAL',-0- 
22389,35218.0,aka,JSC 'URALSIBNEFTEPROVOD',-0- 
22389,35219.0,aka,OPEN JOINT-STOCK COMPANY 'CHERNYAEV URAL-SIBERIAN OIL TRUNK PIPELINES',-0- 
22390,35221.0,aka,AKTSIONERNOE OBSHCHESTVO 'TRANSNEFTEPRODUKT',-0- 
22390,35222.0,aka,TRANSNEFTEPRODUCT JOINT-STOCK CO,-0- 
22390,35223.0,aka,JSC 'TRANSNEFTEPRODUKT',-0- 
22390,35224.0,aka,OPEN JOINT-STOCK COMPANY 'TRANSNEFTEPRODUKT',-0- 
22390,35225.0,fka,AKTSIONERNOE OBSHCHESTVO AKTSIONERNAYA KOMPANIYA TRUBOPROVODNOGO TRANSPORTA NEFTEPRODUKTOV TRANSNEFTEPRODUKT,-0- 
22391,35227.0,aka,AKTSIONERNOE OBSHCHESTVO 'TRANSNEFT - DRUZHBA',-0- 
22391,35228.0,aka,JSC 'DRUZHBA',-0- 
22391,35229.0,aka,OPEN JOINT-STOCK COMPANY 'OIL TRUNK PIPELINES 'DRUZHBA'',-0- 
22392,35231.0,aka,AKTSIONERNOE OBSHCHESTVO 'INSTITUT PO PROEKTIROVANIYU MAGISTRALNYKH TRUBOPROVODOV',-0- 
22392,35232.0,aka,OJSC 'GIPROTRUBOPROVOD',-0- 
22392,35233.0,aka,OPEN JOINT-STOCK COMPANY 'INSTITUTE ON PLANNING OF OIL TRUNK PIPELINES',-0- 
22393,35235.0,aka,AKTSIONERNOE OBSHCHESTVO 'CHERNOMORSKIE MAGISTRALNYE NEFTEPROVODY',-0- 
22393,35236.0,aka,JSC 'CHERNOMORTRANSNEFT',-0- 
22393,35237.0,aka,OPEN JOINT-STOCK COMPANY 'BLACK SEA OIL TRUNK PIPELINES',-0- 
22394,35239.0,aka,OBSHCHESTVO S OGRANICHENNOI OTVETSTVENNOSTYU 'TSENTR UPRAVLENIYA PROEKTOM 'VOSTOCHNAYA SIBIR - TIKHI OKEAN',-0- 
22394,35240.0,aka,LLC TSUP VSTO,-0- 
22394,35241.0,aka,LIMITED LIABILITY COMPANY 'CENTRE OF MANAGEMENT OF THE PROJECT EASTERN SIBERIA-PACIFIC OCEAN',-0- 
22395,35243.0,aka,AKTSIONERNOE OBSHCHESTVO 'TRANSNEFT - TSENTRALNAYA SIBIR',-0- 
22395,35244.0,aka,JSC 'TSENTRSIBNEFTEPROVOD',-0- 
22395,35245.0,aka,OPEN JOINT-STOCK COMPANY 'OIL TRUNK PIPELINES OF CENTRAL SIBERIA',-0- 
22396,35247.0,aka,AKTSIONERNOE OBSHCHESTVO 'TRANSNEFT - SEVER',-0- 
22396,35249.0,aka,OPEN JOINT-STOCK COMPANY 'NORTH OIL TRUNK PIPELINES',-0- 
22397,35251.0,aka,OBSHCHESTVO S OGRANICHENNOI OTVETSTVENNOSTYU 'TRANSNEFT-OKHRANA',-0- 
22398,35253.0,aka,AKTSIONERNOE OBSHCHESTVO 'TRANSNEFT-PODVODSERVIS',-0- 
22398,35254.0,aka,JSC 'VOLZHSKY PODVODNIK',-0- 
22398,35255.0,aka,OPEN JOINT-STOCK COMPANY 'VOLZHSKY PODVODNIK',-0- 
22399,35257.0,aka,AKTSIONERNOE OBSHCHESTVO 'TRANSNEFT - DIASKAN',-0- 
22399,35258.0,aka,JSC 'TRANSNEFT-DIASCAN',-0- 
22399,35259.0,aka,JSC CTD 'DIASKAN',-0- 
22399,35260.0,aka,OPEN JOINT-STOCK COMPANY 'CENTRE OF TECHNICAL DIAGNOSTICS',-0- 
22400,35262.0,aka,AKTSIONERNOE OBSHCHESTVO 'NEGOSUDARSTVENNY PENSIONNY FOND 'TRANSNEFT',-0- 
22401,35264.0,aka,AKTSIONERNOE OBSHCHESTVO 'TRANSNEFTMETROLOGIYA',-0- 
22401,35265.0,aka,CJSC 'CENTRE MO',-0- 
22401,35266.0,aka,CLOSED JOINT-STOCK COMPANY 'CENTRE OF METROLOGICAL PROVISION',-0- 
22402,35268.0,aka,AKTSIONERNOE OBSHCHESTVO 'TRANSNEFT - PRIKAME',-0- 
22402,35269.0,aka,TRANSNEFT-PRIKAMYE AO,-0- 
22402,35270.0,aka,JSC 'SZMN',-0- 
22402,35271.0,aka,OPEN JOINT-STOCK COMPANY 'NORTH-WESTERN OIL TRUNK PIPELINES',-0- 
23552,37105.0,aka,LLC LENGIPRONEFTEKHIM,-0- 
23552,37106.0,aka,LIMITED LIABILITY COMPANY OIL REFINING AND PETROCHEMICAL FACILITIES DESIGN INSTITUTE,-0- 
23552,37107.0,aka,"INSTITUT PO PROEKTIROVANIYU PREDPRIYATY NEFTEPERERABATYVAYUSCHEY I NEFTEKHIMICHESKOY PROMYSHLENNOSTI, LIMITED LIABILITY COMPANY",-0- 
23554,37119.0,aka,"SURGUTMEBEL, LLC",-0- 
23554,37120.0,aka,LLC SURGUTMEBEL,-0- 
23554,37121.0,aka,LLC SYRGUTMEBEL,-0- 
23554,37122.0,aka,LIMITED LIABILITY COMPANY SYRGUTMEBEL,-0- 
23557,37125.0,aka,LLC MEDIA-INVEST,-0- 
23557,37126.0,aka,LIMITED LIABILITY COMPANY MEDIA-INVEST,-0- 
23559,37130.0,aka,LLC PSKOVNEFTEPRODUCT,-0- 
23559,37131.0,aka,LIMITED LIABILITY COMPANY MARKETING ASSOCIATION PSKOVNEFTEPRODUCT,-0- 
23562,37138.0,aka,LLC NOVGORODNEFTEPRODUCT,-0- 
23562,37139.0,aka,NOVGORODNEFTEPRODUKT LLC,-0- 
23562,37140.0,aka,LIMITED LIABILITY COMPANY NOVGORODNEFTEPRODUCT,-0- 
23566,37153.0,aka,OJSC SOVKHOZ CHERVISHEVSKY,-0- 
23566,37154.0,aka,"SOVKHOZ CHERVISHEVSKY, JSC",-0- 
23566,37155.0,aka,OPEN JOINT STOCK COMPANY SOVKHOZ CHERVISHEVSKY,-0- 
23568,37158.0,aka,LLC KINEF,-0- 
23568,37159.0,aka,"KINEF, LLC",-0- 
23568,37160.0,aka,LIMITED LIABILITY COMPANY PRODUCTION ASSOCIATION KIRISHINEFTEORGSINTEZ,-0- 
23569,37162.0,aka,KALININGRADNEFTEPRODUKT LLC,-0- 
23569,37163.0,aka,LLC KALININGRADNEFTEPRODUCT,-0- 
23569,37164.0,aka,LIMITED LIABILITY COMPANY KALININGRADNEFTEPRODUCT,-0- 
23570,37166.0,aka,LLC MA TVERNEFTEPRODUCT,-0- 
23570,37167.0,aka,LIMITED LIABILITY COMPANY MARKETING ASSOCIATION TVERNEFTEPRODUCT,-0- 
23571,37169.0,aka,LLC INSURANCE COMPANY SURGUTNEFTEGAS,-0- 
23571,37170.0,aka,"INSURANCE COMPANY SURGUTNEFTEGAS, LLC",-0- 
23571,37171.0,aka,LIMITED LIABILITY COMPANY INSURANCE COMPANY SURGUTNEFTEGAS,-0- 
23572,37173.0,aka,LLC KIRISHIAVTOSERVIS,-0- 
23572,37174.0,aka,LIMITED LIABILITY COMPANY KIRISHIAVTOSERVIS,-0- 
23577,37183.0,aka,CLOSED JOINT STOCK COMPANY SURGUTNEFTEGASBANK (ZAO SNGB),-0- 
23577,37184.0,aka,JOINT STOCK COMPANY SURGUTNEFTEGASBANK,-0- 
23577,37185.0,aka,JSC BANK SNGB,-0- 
27016,42778.0,aka,DEFENSE INDUSTRIES PRESIDENCY,-0- 
27016,42779.0,fka,UNDERSECRETARIAT FOR DEFENSE INDUSTRIES,-0- 
30882,50530.0,aka,CHINA TELECOM,-0- 
30882,50531.0,aka,"CHINA TELECOM CO., LTD",-0- 
30882,50532.0,aka,CHINA TELECOM CORP LTD,-0- 
30902,48589.0,aka,AERO ENGINE CORP OF CHINA,-0- 
30902,50454.0,aka,"CHINA AVIATION ENGINE GROUP CO., LTD",-0- 
30923,50613.0,aka,CHINA MOBILE LTD,-0- 
30924,50615.0,fka,CHINA UNICOM LIMITED,-0- 
30925,50464.0,aka,AVIATION INDUSTRY CORP OF CHINA,-0- 
30925,50466.0,aka,AVIATION INDUSTRY OF CHINA,-0- 
30926,50614.0,aka,CNOOC LTD,-0- 
30928,48621.0,aka,CHINA AEROSPACE SCIENCE AND INDUSTRY CORPORATION,-0- 
30928,50495.0,aka,CASIC,-0- 
30930,48627.0,aka,CHINA COMMUNICATIONS CONSTRUCTION CO LTD,-0- 
30930,50525.0,aka,CHINA COMMUNICATIONS CONSTRUCTION COMPANY LTD,-0- 
30930,50526.0,aka,CHINA COMMUNICATIONS CONSTR CO LTD,-0- 
30933,48632.0,aka,"CHINA SOUTH INDUSTRIES GROUP CO., LTD.",-0- 
30934,50487.0,aka,CHINA SPACESAT,-0- 
30937,48642.0,aka,CHINA GENERAL NUCLEAR POWER CORP,-0- 
30938,48644.0,aka,CHINA STATE SHIPBUILDING CORPORATION,-0- 
30938,50514.0,aka,CHINA SHIPBUILDING CORPORATION,-0- 
30938,50517.0,aka,CHINA STATE SHIPBUILDING CORPORATION CO. LTD,-0- 
30939,48646.0,aka,CHINA TELECOM,-0- 
30939,48647.0,aka,"CHINA TELECOM GROUP CO., LTD.",-0- 
30942,48654.0,aka,CHINA UNITED NETWORK COMMUNICATIONS GROUP COMPANY LIMITED,-0- 
30942,50528.0,aka,CHINA UNICOM,-0- 
30942,50529.0,fka,CHINA UNITED TELECOMMUNICATIONS CORPORATION,-0- 
30944,48665.0,aka,CHINA MOBILE,-0- 
30946,48662.0,aka,HIKVISION,-0- 
30946,48893.0,aka,HANGZHOU HIKVISION DIGITAL TECHNOLOGY,-0- 
30947,48664.0,aka,HUAWEI INVESTMENT & HOLDING CO LTD,-0- 
30949,48671.0,aka,INSPUR GROUP,-0- 
30950,50488.0,aka,PANDA ELECTRONICS GROUP LIMITED,-0- 
30951,48676.0,aka,SEMICONDUCTOR MFG INTL CORP,-0- 
30951,50629.0,aka,SEMICONDUCTOR MANUFACTURING INTERNATIONAL CORPORATION LIMITED,-0- 
30951,50630.0,aka,"SEMICONDUCTOR MANUFACTURING INTERNATIONAL CORPORATION CO., LTD",-0- 
30954,48890.0,aka,CHINA NATIONAL NUCLEAR CORP,-0- 
30956,48894.0,aka,CHINA NATIONAL OFFSHORE OIL CORP.,-0- 
30956,50504.0,aka,CNOOC,-0- 
30957,48687.0,aka,NORINCO,-0- 
30957,48688.0,aka,CHINA NORTH INDUSTRIES GROUP CORPORATION,-0- 
30957,50489.0,aka,NORINCO GROUP,-0- 
30957,50520.0,aka,CHINA NORTH INDUSTRIES GROUP CO. LTD,-0- 
30958,48690.0,aka,CHINA NUCLEAR ENGINEERING & CONSTRUCTION CORP LTD,-0- 
30958,50553.0,aka,CHINA NATIONAL ENGINEERING & CONSTRUCTION CORPORATION LIMITED,-0- 
31695,49722.0,aka,"BANK ROSSI, FEDERAL STATE BUDGETARY INSTITUTION",-0- 
31695,49723.0,aka,BANK OF RUSSIA,-0- 
31695,49724.0,aka,"BANK OF RUSSIA, CENTRAL BANK",-0- 
31695,49725.0,aka,TSENTRALNY BANK ROSSISKOI FEDERATSII,-0- 
31695,49726.0,aka,CENTRAL BANK OF RUSSIA,-0- 
32028,50234.0,aka,"ANHUI GREAT WALL MILITARY INDUSTRY CO., LTD",-0- 
32028,50236.0,aka,"ANHUI GREATWALL MILITARY INDUSTRY CO., LTD.",-0- 
32028,50237.0,aka,GREATWALL MILITARY,-0- 
32028,50238.0,aka,GREATWALL MILITARY INDUSTRY,-0- 
32052,50272.0,aka,AVIC XIAN AIRCRAFT INDUSTRY GROUP CO LTD,-0- 
32052,50273.0,aka,XI'AN AIRCRAFT INDUSTRY GROUP CO LTD,-0- 
32052,50274.0,aka,"AVIC AIRCRAFT CO., LTD.",-0- 
32052,50275.0,aka,XI'AN AIRCRAFT INDUSTRIAL CORP.,-0- 
32053,50277.0,aka,"AVIC HEAVY MACHINERY CO., LTD.",-0- 
32053,50278.0,fka,"GUIZHOU LIYUAN HYDRAULIC CO., LTD.",-0- 
32053,50279.0,fka,"GUIZHOU LIYUAN HYDRAULIC COMPONENTS CO., LTD.",-0- 
32055,50298.0,aka,JONHON,-0- 
32056,50301.0,aka,SHENYANG AIRCRAFT CO. LTD.,-0- 
32056,50302.0,fka,"DONGAN HEIBAO CO., LTD.",-0- 
32069,50321.0,aka,CHINA SATCOM,-0- 
32072,50330.0,aka,CHINA COMMUNICATIONS CONSTRUCTION GROUP (LTD),-0- 
32072,50332.0,aka,CHINA COMMUNICATIONS GROUP CO. LTD,-0- 
32072,50333.0,aka,CHINA COMMUNICATIONS GROUP COMPANY LIMITED,-0- 
32073,50336.0,aka,"AEROSPACE COMMUNICATIONS HOLDINGS CO., LTD.",-0- 
32073,50337.0,aka,AEROCOM,-0- 
32073,50339.0,fka,AEROSPACE COMMUNICATIONS HOLDINGS COMPANY LIMITED,-0- 
32077,50348.0,aka,TORCH ELECTRON,-0- 
32078,50350.0,aka,FIRMACO,-0- 
32078,50351.0,fka,BAOTOU BEIFANG CHUANGYE COMPANY LIMITED,-0- 
32079,50353.0,aka,COMEC,-0- 
32079,50354.0,fka,GUANGZHOU SHIPYARD INTERNATIONAL COMPANY LIMITED,-0- 
32082,50358.0,aka,"AVIC AVIATION HIGH-TECHNOLOGY CO., LTD.",-0- 
32082,50359.0,aka,AVIC HI-TECH,-0- 
32082,50360.0,fka,TONTEC TECHNOLOGY INVESTMENT GROUP COMPANY LIMITED,-0- 
32084,50364.0,fka,ZHEJIANG NANYANG TECHNOLOGY COMPANY LIMITED,-0- 
32085,50368.0,fka,LONG MARCH LAUNCH VEHICLE TECHNOLOGY COMPANY LIMITED,-0- 
32087,50372.0,aka,"HUAWEI INVESTMENT AND HOLDING CO., LTD.",-0- 
32089,50376.0,aka,PROVEN GLORY,-0- 
32090,50378.0,aka,"CHINA AVIONICS SYSTEMS CO., LTD",-0- 
32090,50379.0,aka,AVIC AVIONICS,-0- 
32090,50381.0,fka,"CHINA AVIC ELECTRONICS CO., LTD",-0- 
32090,50382.0,fka,CHINA AVIC ELECTRONICS COMPANY LIMITED,-0- 
32091,50383.0,aka,PROVEN HONOUR CAPITAL LTD,-0- 
32091,50384.0,aka,PROVEN HONOUR,-0- 
32100,50411.0,aka,CHINA SHIPBUILDING INDUSTRY CO LTD,-0- 
32102,50417.0,aka,"CHANGSHA JINGJIA MICROELECTRONICS CO., LTD",-0- 
32102,50418.0,aka,JINGJIA MICRO,-0- 
32103,50420.0,aka,CHINA MARINE INFORMATION ELECTRONICS CO LTD,-0- 
32103,50421.0,fka,"CHINA SHIPBUILDING INDUSTRY GROUP MARINE DEFENSE AND INFORMATION CONFRONTATION CO., LTD.",-0- 
32103,50422.0,fka,CEC CORECAST CORPORATION LIMITED,-0- 
32106,50427.0,aka,CHINA SHIPBUILDING INDUSTRY GROUP POWER CO LTD,-0- 
32106,50428.0,aka,CHINA SHIPBUILDING INDUSTRY GROUP POWER,-0- 
32106,50429.0,aka,CSIC POWER,-0- 
32106,50431.0,fka,"FENGFAN CO., LTD.",-0- 
32107,50433.0,aka,COSTAR GROUP CO,-0- 
32107,50434.0,fka,"LIDA OPTICAL & ELECTRONIC CO., LTD.",-0- 
32128,50482.0,aka,NANJING PANDA ELECTRONIC CO. LTD.,-0- 
32128,50483.0,aka,NANJING PANDA ELECTR. CO. LTD.,-0- 
32128,50484.0,aka,NANJING PANDA,-0- 
32129,50497.0,aka,AEROSUN CORP.,-0- 
32129,50498.0,aka,AEROSUN,-0- 
32130,50500.0,fka,"BEIJING NORTH PHENIX INTELLIGENCE TECHNOLOGY CO., LTD.",-0- 
32130,50501.0,fka,"CHINA NORTH OPTICAL-ELECTRICAL TECHNOLOGY CO., LTD.",-0- 
32131,50503.0,aka,"SHAANXI ZHONGTIAN ROCKET TECHNOLOGY CO., LTD",-0- 
32153,50519.0,aka,"ZHONGHANG ELECTRONIC MEASURING INSTRUMENTS CO., LTD",-0- 
32153,50521.0,aka,ZEMIC,-0- 
32153,50523.0,aka,AVIC ZEMIC,-0- 
33114,52095.0,aka,SENSETIME GROUP LTD,-0- 
33894,53113.0,aka,"LEON TECHNOLOGY CO., LTD.",-0- 
33895,53116.0,aka,"NETPOSA TECHNOLOGIES, LTD.",-0- 
33895,53117.0,aka,NETPOSA,-0- 
34556,54107.0,aka,ROSTELEKOM PJSC,-0- 
34556,54108.0,aka,PJSC ROSTELECOM,-0- 
34556,54109.0,aka,PUBLICHNOE AKTSIONERNOY OBSHCHESTVO ROSTELEKOM,-0- 
34556,54110.0,aka,PUBLICHNOE AKTSIONERNOE OBSHCHESTVO ROSTELEKOM,-0- 
34556,54111.0,aka,ROSTELECOM,-0- 
34556,54112.0,fka,PAO MEZHDUGORODNOI I MEZHDUNARODNOI ELEKTRICHESKOI SVYAZI ROSTELEKOM,-0- 
34578,54302.0,aka,PUBLIC JOINT-STOCK COMPANY FEDERAL HYDRO-GENERATING COMPANY - RUSHYDRO,-0- 
34578,54303.0,aka,FEDERAL HYDRO-GENERATING COMPANY RUSHYDRO PAO,-0- 
34578,54304.0,aka,PUBLICHNOE AKTSIONERNOE OBSCHESTVO FEDERALNAYA GYDROGENERIRUYUSCHAYA KOMPANIYA-RUSGYDRO,-0- 
34578,54305.0,aka,PUBLICHNOE AKTSIONERNOE OBSHCHESTVO FEDERALNAYA GIDROGENERIRUYUSHCHAYA KOMPANIYA - RUSGIDRO,-0- 
34578,54306.0,aka,"RUSGIDRO, PAO",-0- 
34578,54309.0,fka,FEDERAL HYDRO-GENERATING COMPANY RUSHYDRO OAO,-0- 
34578,54310.0,fka,GIDROOGK OAO,-0- 
34578,54312.0,fka,OTKRYTOE AKTSIONERNOE OBSCHESTVO FEDERALNAYA GYDROGENERIRUYUSCHAYA KOMPANIYA-RUSGYDRO,-0- 
34736,54467.0,aka,JSC RUSSIAN RAILWAYS,-0- 
34736,54468.0,aka,RUSSIAN RAILWAYS JSC,-0- 
34736,54469.0,aka,RUSSIAN RAILWAYS,-0- 
,,,,
